insert into Usuario (id, nombre, apellidos, correo, username, passwd, foto_perfil, fechaNac, administrator) values (1,'Roberto','Rebolledo Naharro', 'robertorebolledo151@gmail.com', 'krobert151','{bcrypt}$2a$10$BCWDdiICWEPinTJjk69MjOg4PUZwWFgPeao4lKhUzIsU6HPJ.7pGu','https://www.anipedia.net/imagenes/clamidosaurio-de-king-800x375.jpg','2004-10-12',true);
insert into Usuario (id, nombre, apellidos, correo, username, passwd, foto_perfil, fechaNac, administrator) values (2,'Usuario','Usuario', 'usuario@gmail.com', 'user','{bcrypt}$2a$10$0kudc9lX2NHVpK5As8IP3uA58KLqA2oRLzSyjGg8iCv1RYDvaSkV.', 'https://assets.stickpng.com/images/585e4beacb11b227491c3399.png','2000-01-01',false);
INSERT INTO Usuario (id, nombre, apellidos, correo, username, passwd, foto_perfil, fechaNac, administrator) VALUES (3, 'Admin', 'Admin', 'admin@gmail.com', 'admin', '{bcrypt}$2a$10$RlGALUYeNACQmt1svaO1I.5Yrg9cyt1CO8lugvVFtsbqdEW7bvIEO', 'https://assets.stickpng.com/images/585e4beacb11b227491c3399.png', '2004-10-12', true);
INSERT INTO Usuario (id, nombre, apellidos, correo, username, passwd, foto_perfil, fechaNac, administrator) VALUES (4, 'Cristina', 'Gutierrez Quintero', 'cristinagq03@gmail.com', 'cristina03', '{bcrypt}$2a$10$1umUbA88.LwdbfHUT0NX0OSf1sDANb8sfWY9Mwd/a6qIRvN.HergG', 'https://exoticsveterinaria.com/wp-content/uploads/2020/12/geko_leopardo_exotics.jpg', '2003-03-15', false);
INSERT INTO Usuario (id, nombre, apellidos, correo, username, passwd, foto_perfil, fechaNac, administrator) VALUES (5, 'Pablo', 'Valderass Mendez', 'pablovalmen@gmail.com', 'ddrago666', '{bcrypt}$2a$10$i95LgajHNZBagn8ELFsHWuDcgjkRToRzHFxu3i4Tgw6u0QU4M4vTS', 'https://img.freepik.com/vector-premium/ilustracion-cabeza-dragon-rojo_113398-564.jpg?w=360', '2003-10-02', false);
INSERT INTO Usuario (id, nombre, apellidos, correo, username, passwd, foto_perfil, fechaNac, administrator) VALUES (6,'Lucía', 'Vázquez Ortiz', 'thenameless@gmail.com', 'thenameless', '{bcrypt}$2a$10$cELFBApE4KRxkB158DnqbO32Dl4n/KbW6xaC0.9rAFcxFA9WuCH2q', 'https://i1.sndcdn.com/artworks-JW8Slqda5P9KdNYO-Q1W1vg-t240x240.jpg', '2002-03-01', false);
INSERT INTO Usuario (id, nombre, apellidos, correo, username, passwd, foto_perfil, fechaNac, administrator) VALUES (7,'José Ruiz', 'Ortiz', 'joseleteort@gmail.com', 'joseleteort', '{bcrypt}$2a$10$XWCz.MrGIs.ZE6sCeP7cYu5YmMIpG2yy/TMyx3M9iYIEIZM2foWDK', 'https://casarealespanola.files.wordpress.com/2015/09/felipe-ii.jpg', '2001-01-15', false);
insert into Usuario (id, nombre, apellidos, correo, username, passwd, foto_perfil, fechaNac, administrator) values (8,'Ángel','Naranjo González', 'angel.naranjo@triana.salesianos.edu', 'angelng','{bcrypt}$2a$10$Omho/6sRtLxEp.FWvq6fXetQJEC6p1jinbMw6GkjRDli6o.o/DSQG','https://triana.salesianos.edu/wp-content/uploads/photo-gallery/2019.06.19._Despedida_Ciclos_Formativos_2019/20190619_DespedidaCiclos_4.jpg?bwg=1561502552','1976-07-11',false);
INSERT INTO Usuario (id, nombre, apellidos, correo, username, passwd, foto_perfil, fechaNac, administrator)VALUES (9, 'Rafael', 'Villar Liñan', 'rafael.villar@triana.salesianos.edu', 'rafavill', '{bcrypt}$2a$10$WG0g7rrFzW3XexQRsld82./cADR0W3OAAjImY0Jkj97KRSE5FECXG', 'https://yt3.googleusercontent.com/ytc/AGIKgqO9ffclkeQoieYtqK4RHKtUKbdfUobD39aIRP8Skg=s900-c-k-c0x00ffffff-no-rj', '1973-05-23', false);
insert into Usuario (id, nombre, apellidos, correo, username, passwd, foto_perfil, fechaNac, administrator) values (10, 'Luis Miguel', 'López Magaña', 'luismi.lopez@triana.salesianos.edu', 'mlopezmagana', '{bcrypt}$2a$10$H0mAAcrmRBdPQi9z/6Vwh.jPxCc6PjlbrrqRGtRANBtd8J/b7DmVu', 'https://avatars.githubusercontent.com/u/34097584?v=4', '1980-07-10', false);
INSERT INTO Usuario (id, nombre, apellidos, correo, username, passwd, foto_perfil, fechaNac, administrator) VALUES (11,'Miguel','Campos','miguel.campos@triana.salesianos.edu','mcampos','{bcrypt}$2a$10$ho3oqJeNKrb/mJnN/bT9Oe5EJh7XyL6c5QW0TEpRFgYybCmPIzNY2','https://avatars.githubusercontent.com/u/1252111?v=4','1978-12-25',false);
INSERT INTO usuario (id, nombre, apellidos, correo, foto_perfil, fechaNac, administrator, username, passwd) VALUES (12, 'Juan', 'González Pérez', 'juan.gonzalez@gmail.com', 'https://xsgames.co/randomusers/assets/avatars/female/68.jpg', '1990-06-15', false, 'juang', '{bcrypt}$2a$10$2N6CG8TxIDmwAw8u1k.LQewNCqrCboG6lBvzQipURR77rB2bfyl56');
INSERT INTO usuario (id, nombre, apellidos, correo, foto_perfil, fechaNac, administrator, username, passwd) VALUES (13, 'Ana', 'Martínez García', 'anamgarcia@hotmail.com', 'https://xsgames.co/randomusers/assets/avatars/female/68.jpg', '1985-02-10', true, 'anamg', '{bcrypt}$2a$10$KibqJOIC/Z1y6nLAXgjd6epB3AXqr/YIRUuglusOg9gCrtA54msn2');
INSERT INTO usuario (id, nombre, apellidos, correo, foto_perfil, fechaNac, administrator, username, passwd) VALUES (14, 'Carlos', 'Pérez Sánchez', 'carlosperez@gmail.com', 'https://xsgames.co/randomusers/assets/avatars/male/50.jpg', '1978-11-20', false, 'carlosp', '{bcrypt}$2a$10$8dc59bfC1gqHhxrxVlkIOOf6vPnfeNYC4mcNquSauStLKWbGaKa42');
INSERT INTO usuario (id, nombre, apellidos, correo, foto_perfil, fechaNac, administrator, username, passwd) VALUES (15, 'María', 'López García', 'marialopez@gmail.com', 'https://xsgames.co/randomusers/assets/avatars/female/68.jpg', '1995-03-08', false, 'marialg', '{bcrypt}$2a$10$zW2.AF.GC4N.3IGZhVA0We8yO7JXuh4/1TTASbzyVdt0p2Kzs3vvy');
INSERT INTO usuario (id, nombre, apellidos, correo, foto_perfil, fechaNac, administrator, username, passwd) VALUES (16, 'Pablo', 'Martín Sánchez', 'pabloms@hotmail.com', 'https://xsgames.co/randomusers/assets/avatars/male/60.jpg', '1982-06-12', false, 'pabloms', '{bcrypt}$2a$10$8sF8au5svxFhvIWMZdXXCefHWHJOytxwvOeAkNeoHazdD8Dm54cOW');
INSERT INTO usuario (id, nombre, apellidos, correo, foto_perfil, fechaNac, administrator, username, passwd) VALUES (17, 'Laura', 'García Rodríguez', 'lauragr@gmail.com', 'https://xsgames.co/randomusers/assets/avatars/female/2.jpg', '1998-10-05', true, 'lauragr', '{bcrypt}$2a$10$8At7ocFRGYVN3/dn6FmUw.DPPhZ8ITEcySAYyjnj/MC9gSWRGJKDu');
INSERT INTO usuario (id, nombre, apellidos, correo, foto_perfil, fechaNac, administrator, username, passwd) VALUES (18, 'Carla', 'Fernández Ruiz', 'carlafr@gmail.com', 'https://xsgames.co/randomusers/assets/avatars/female/2.jpg', '1992-11-18', false, 'carlafr', '{bcrypt}$2a$10$BorynmwrxEdOoKVzi4qTWeoCdOQmthMLDYTkXgeS73N76SpYnsOq2');
INSERT INTO usuario (id, nombre, apellidos, correo, foto_perfil, fechaNac, administrator, username, passwd) VALUES (19, 'Javier', 'González Martínez', 'javiergm@gmail.com', 'https://xsgames.co/randomusers/assets/avatars/male/60.jpg', '1987-07-25', true, 'javiergm', '{bcrypt}$2a$10$f3oUp6eRX/mn5vD.2lGLxOd1bAmCkqGruK5IJupW4ZbX/ZATmBRqi');
INSERT INTO usuario (id, nombre, apellidos, correo, foto_perfil, fechaNac, administrator, username, passwd)  VALUES (20, 'Sofía', 'Ramos García', 'sofiarg@hotmail.com', 'https://xsgames.co/randomusers/assets/avatars/female/76.jpg', '1996-01-30', false, 'sofiarg', '{bcrypt}$2a$10$9YCnnXuBH52KXGzPLIoCb.Qb762d8XLN4okH5ymdM6Ar2bRgoziqa');


insert into Reino   (id,nombre,descripcion) values (1,'Animal','Reino animal');

insert into Filo    (id,nombre,descripcion,reino_id) values (1,'Artropodos','Artropodos',1);
insert into Filo    (id,nombre,descripcion,reino_id) values (2,'Chordata','Vertebrados',1);

insert into Clase   (id,nombre,descripcion,filo_id) values (1,'Aracnidos','Aracnidos',1);
insert into Clase   (id,nombre,descripcion,filo_id) values (2,'Amphibia','Amphibios',2);
insert into Clase   (id,nombre,descripcion,filo_id) values (3,'Aves','Aves',2);
insert into Clase   (id,nombre,descripcion,filo_id) values (4,'Sauropsida','Lagartos y Serpientes',2);
insert into Clase   (id,nombre,descripcion,filo_id) values (5,'Mamalia','Mamiferos',2);

insert into Orden   (id,nombre,descripcion,clase_id) values (1,'Aranae','Arañas',1);
insert into Orden   (id,nombre,descripcion,clase_id) values (2,'Urodelos','Salamandras',2);
insert into Orden   (id,nombre,descripcion,clase_id) values (3,'Accipitriformes','Aves rapaces diurnas',3);
insert into Orden   (id,nombre,descripcion,clase_id) values (4,'Squamata','Lagartos escamosos',4);
insert into Orden   (id,nombre,descripcion,clase_id) values (5,'Carnivora','Mamiferos carnivoros',5);
insert into Orden   (id,nombre,descripcion,clase_id) values (6,'Anura','Ranas',2);
insert into Orden   (id,nombre,descripcion,clase_id) values (7,'Escorpiones','Escorpiones',1);


insert into Familia (id,nombre,descripcion,orden_id) values (1,'Lycosidae','Arañas Cazadoras',1);
insert into Familia (id,nombre,descripcion,orden_id) values (2,'Salamandridae','Salamandras mas coumnes',2);
insert into Familia (id,nombre,descripcion,orden_id) values (3,'Accipitridae','Sves rapaces',3);
insert into Familia (id,nombre,descripcion,orden_id) values (4,'Lacertidae','Lagartijas y lagartos comunes',4);
insert into Familia (id,nombre,descripcion,orden_id) values (5,'Felidae','Felinos',5);
insert into Familia (id,nombre,descripcion,orden_id) values (6,'Bufonidae','Sapos Comunes',6);
insert into Familia (id,nombre,descripcion,orden_id) values (7,'Pelobatidae','Sapos de Espuela',6);
insert into Familia (id,nombre,descripcion,orden_id) values (8,'Hylidae','Ranas arborícolas',6);
insert into Familia (id,nombre,descripcion,orden_id) values (9,'Phyllodactylidae','Geckos de Europa',4);
insert into Familia (id,nombre,descripcion,orden_id) values (10,'Gekkonidae','Geckos',4);
insert into Familia (id,nombre,descripcion,orden_id) values (11,'Lacertidae','Lacertidos',4);
insert into Familia (id,nombre,descripcion,orden_id) values (12,'Colubridae','Culebras',4);
insert into Familia (id,nombre,descripcion,orden_id) values (13,'Buthidae','Escorpiones',7);
insert into Familia (id,nombre,descripcion,orden_id) values (14,'Herpestidae','Mamiferos',5);
insert into Familia (id,nombre,descripcion,orden_id) values (15,'Macrothelidae','Arañas embudo',1);




insert into Genero  (id,nombre,descripcion,familia_id) values (1,'Lycosa','Arañas cazadoras',1);
insert into Genero  (id,nombre,descripcion,familia_id) values (2,'Triturus','Tritones',2);
insert into Genero  (id,nombre,descripcion,familia_id) values (3,'Gypaetus','Buitre-aguila',3);
insert into Genero  (id,nombre,descripcion,familia_id) values (4,'Timon ','Lagartos del sur de Europa',4);
insert into Genero  (id,nombre,descripcion,familia_id) values (5,'Aquila ','Aguilas',3);
insert into Genero  (id,nombre,descripcion,familia_id) values (6,'Lynx ','Linces',5);
insert into Genero  (id,nombre,descripcion,familia_id) values (7,'Bufo ','Sapos mas comunes',6);
insert into Genero  (id,nombre,descripcion,familia_id) values (8,'Epidalea ','Sapos corredores',6);
insert into Genero  (id,nombre,descripcion,familia_id) values (9,'Pelobates ','Sapos de espuelas',7);
insert into Genero  (id,nombre,descripcion,familia_id) values (10,'Hyla ','las ranas arboricolas',8);
insert into Genero  (id,nombre,descripcion,familia_id) values (11,'Pleurodelest','Salamandras',2);
insert into Genero  (id,nombre,descripcion,familia_id) values (12,'Salamandra','Salamandras comunes',2);
insert into Genero  (id,nombre,descripcion,familia_id) values (13,'Tarentola','salamanquesas comunes',9);
insert into Genero  (id,nombre,descripcion,familia_id) values (14,'Hemidactylus','Geckos comunes',10);
insert into Genero  (id,nombre,descripcion,familia_id) values (15,'Psammodromus','Lagartijas comunes',11);
insert into Genero  (id,nombre,descripcion,familia_id) values (16,'Natrix','Culebras',12);
insert into Genero  (id,nombre,descripcion,familia_id) values (17,'Zamenis','Culebras',12);
insert into Genero  (id,nombre,descripcion,familia_id) values (18,'Buthus','Escorpiones amarillos',13);
insert into Genero  (id,nombre,descripcion,familia_id) values (19,'Herpestes','Mangostas',14);
insert into Genero  (id,nombre,descripcion,familia_id) values (20,'Macrothele','Arañas embudo',1);


insert into Especie (id,nombre,descripcion,detalles,foto,genero_id) values (1,'Lycosa Hispanicus','Tarantula de España','Lycosa hispanica, también conocida como araña lobo ibérica, es una especie de araña que se encuentra principalmente en la península ibérica. Es una araña de tamaño mediano, con un cuerpo marrón rojizo y patas largas y delgadas de color amarillo pálido. Su hábitat natural son las áreas boscosas, aunque también se pueden encontrar en zonas urbanas.Esta especie de araña es depredadora y se alimenta de otros insectos y arañas. A diferencia de otras especies de arañas, la lycosa hispanica no construye una tela para cazar, sino que persigue y caza a su presa utilizando su velocidad y habilidades de camuflaje.En cuanto a su comportamiento reproductivo, los machos de lycosa hispanica construyen un pequeño nido en el suelo y esperan a que una hembra entre. Una vez dentro, el macho emite feromonas para atraer a la hembra y aparearse con ella. Después de la cópula, la hembra pondrá sus huevos dentro del nido del macho y los cuidará hasta que eclosionen. Es importante tener en cuenta que la lycosa hispanica no es venenosa para los humanos y, de hecho, puede ser beneficiosa para controlar las poblaciones de insectos en áreas urbanas y rurales.','https://lahuertinadetoni.es/wp-content/uploads/2015/01/233-163-Copiar.jpg',1);
insert into Especie (id,nombre,descripcion,detalles,foto,genero_id) values (2,'Lycosa Lycosa','Lycosa común','Lycosa Lycosa, comúnmente conocida como tarántula común europea, es una especie de araña de la familia Lycosidae. Esta especie se encuentra en toda Europa y Asia, desde el sur de Escandinavia hasta el norte de África y el Cáucaso. Es una araña grande y peluda, que puede medir hasta 2,5 cm de longitud. Su color varía de marrón oscuro a marrón claro o amarillento, y tiene una marca distintiva en forma de corazón en la parte posterior de su abdomen. Las tarántulas comunes europeas son depredadoras nocturnas y cazadoras activas, y se alimentan principalmente de insectos, aunque también pueden comer otros arácnidos y pequeños vertebrados. A diferencia de otras arañas que construyen telas, las tarántulas comunes europeas no construyen telarañas para atrapar presas. En su lugar, cazan persiguiendo a sus presas en el suelo. Estas arañas también son conocidas por su veneno, que puede causar dolor y reacciones alérgicas en los seres humanos. Sin embargo, su mordedura no es mortal para los humanos y rara vez se produce una reacción grave.','https://misanimales.com/wp-content/uploads/2022/01/ojo-arana-lobo-768x512.jpg',1);
insert into Especie (id,nombre,descripcion,detalles,foto,genero_id) values (3,'Tritorus marmoratus','Tritón Jaspeado','Triturus marmoratus, también conocido como tritón marmóreo, es un anfibio caudado de la familia Salamandridae. Esta especie es endémica de la Península Ibérica, y se puede encontrar en diversos hábitats acuáticos, desde pequeñas charcas hasta grandes ríos y embalses. El tritón marmóreo es un animal de tamaño mediano, que puede llegar a alcanzar los 15 cm de longitud total. Presenta una coloración muy vistosa, con un fondo negro y una serie de manchas y verrugas de color amarillo, naranja o rojo brillante. Además, los machos en época de reproducción desarrollan una cresta dorsal más alta y llamativa. Esta especie se alimenta de una amplia variedad de presas acuáticas, como insectos, crustáceos, moluscos y otros anfibios más pequeños. A pesar de que no se considera una especie amenazada, el tritón marmóreo está protegido por diversas leyes y normativas debido a su valor ecológico y cultural.','https://selvaasturiana.com/wp-content/uploads/2016/06/Triton-jaspeado.jpg',2);
insert into Especie (id,nombre,descripcion,detalles,foto,genero_id) values (4,'Lissotron boscai','Tritón iberico','Es un urodelo de pequeño tamaño que puede alcanzar hasta 97 mm de longitud total. Los machos no desarrollan cresta dorsal, sino sólo una cresta caudal baja durante el periodo de celo. La cola, de similar longitud al cuerpo, está comprimida lateralmente, y en los machos acaba en un pequeñísimo filamento. La coloración de cabeza y dorso es de color pardo o marrón, y ventralmente es de color naranja o rojizo, sobre el que destacan conspicuas manchas o puntos gruesos negros, irregularmente dispuestos, pero frecuentemente alineados lateralmente.','https://www.vertebradosibericos.org/anfibios/identificacion/lisbosida.jpg',2);
insert into Especie (id,nombre,descripcion,detalles,foto,genero_id) values (5,'Gypaetus barbatus','El quebrantahuesos','El quebrantahuesos (Gypaetus barbatus, literalmente «buitre-águila barbado») es una especie de ave accipitriforme de la familia Accipitridae. Es un buitre notablemente distinto de otras aves de presa parecidas. Recibe su nombre por su costumbre de recoger huesos y caparazones hasta grandes alturas para soltarlos, partirlos contra las rocas y poder ingerirlos para alimentarse. Se trata de una especie amenazada en amplias zonas de su distribución, y en el continente europeo es un animal en grave peligro de extinción que ha desaparecido de varias regiones donde antes era abundante. En la actualidad se le puede observar en la cordillera Cantábrica (donde ha sido reintroducido gracias a ejemplares oscenses), los Pirineos, los Alpes (donde ha sido reintroducido), norte de África, el Gran Valle del Rift, Sudáfrica, Grecia y desde Anatolia hasta los montes Tian Shan y el Himalaya.','https://upload.wikimedia.org/wikipedia/commons/thumb/8/8e/Bartgeier_%28Gypaetus_barbatus%29_01.jpg/1200px-Bartgeier_%28Gypaetus_barbatus%29_01.jpg',3);
insert into Especie (id,nombre,descripcion,detalles,foto,genero_id) values (6,'Timon lepidus','Lagarto Ocelado','El lagarto ocelado es uno de los principales miembros de su familia. El adulto mide de 30 a 60 cm (1-2 pies) de largo y puede alcanzar hasta 90 cm (3 pies), con un peso de más de 0,5 kg (1,1 libras). Recién nacidos miden de 4 a 5 cm (1½-2) de largo, excluyendo la cola. Es un lagarto robusto. El macho tiene la cabeza ancha con patas gruesas y fuertes, y garras largas y curvadas. El color dorsal es generalmente de color verde, pero a veces puede ser gris o marrón, especialmente en la cabeza y la cola. A esto se superpone un punteado negro. La parte inferior es de color amarillenta o verdosa. El macho es más brillante que la hembra y tiene manchas azules en sus flancos. Los jóvenes son de color verde, gris o marrón, con partes amarillentas o blancas con manchas por todas partes.','https://misanimales.com/wp-content/uploads/2020/12/lagarto-ocelado-abre-boca-1024x683.jpg',4);
insert into Especie (id,nombre,descripcion,detalles,foto,genero_id) values (7,'Timon nevadensis','Lagarto Bético','El lagarto bético o lagarto de Sierra Nevada (Timon nevadensis) es una especie de lagarto endémico del sureste de la península ibérica. En ocasiones aparece descrito como una subespecie de lagarto ocelado (Timon lepidus nevadensis).','https://static.inaturalist.org/photos/83954014/large.jpg',4);
insert into Especie (id,nombre,descripcion,detalles,foto,genero_id) values (8,'Aquila adalberti','Aguila imperial ibérica','El plumaje de los ejemplares adultos es de un pardo muy oscuro en todo el cuerpo, excepto en los hombros y la parte alta de las alas, donde es de color pardo salpicado de plumas blancas. La nuca es ligeramente más pálida que otras partes del cuerpo, y la cola más oscura, sin bandas claras o líneas blancas como en el águila imperial oriental. En el caso de los individuos juveniles, de menos de un año, la coloración es de un color entre pardo y rojizo, cambiando a un color amarillo pajizo más o menos homogéneo en su segundo año de vida, a lo largo del segundo y tercer año de vida, los ejemplares adoptan fases de plumaje conocidas como de damero, en las que el color amarillento se va intercalando con plumas cada vez más numerosas de color pardo oscuro y negro, en el plumaje de subadulto, que aparece entre el cuarto y quinto año se observa ya un claro predominio del marrón oscuro, aunque aún entremezclado con plumas de color más claro, alcanzando el plumaje de los individuos maduros, anteriormente descrito, en el quinto año, al mismo tiempo que la madurez sexual. El tamaño medio de los adultos es de entre 78 y 83 cm de altura, y 2,8 kg, si bien las hembras, más grandes que los machos, pueden llegar a los 3,5 kg. La envergadura alar varía entre los 1,8 y 2,1 m. Viven unos veinte años de media, habiéndose documentado ejemplares de veintisiete años en el medio natural y de cuarenta y uno en cautividad.11​','https://iberianlynxland.com/wp-content/uploads/2021/11/aguila_imperial.jpg',5);
insert into Especie (id,nombre,descripcion,detalles,foto,genero_id) values (9,'Lynx pardinus','Lince ibérco','Es un felino de aspecto grácil, con patas largas y una cola corta con una borla negra en el extremo que suele mantener erguida batiéndola en momentos de peligro o excitación. Sus características orejas puntiagudas están terminadas en un pincel de pelos negros rígidos que favorece su camuflaje al descomponer la redonda silueta de su cabeza. También son características las patillas que cuelgan de sus mejillas. Aparecen a partir del año de vida, cuando apenas cuelgan por debajo de la barbilla y aumentan de tamaño con la edad. Los machos tienen las patillas y los pinceles negros y más largos que las hembras.','https://e00-elmundo.uecdn.es/assets/multimedia/imagenes/2022/03/21/16478695249126.jpg',6);
insert into Especie (id,nombre,descripcion,detalles,foto,genero_id) values (10,'Bufo bufo','Sapo Común','El sapo común o sapo europeo (Bufo bufo) es una especie de anfibio anuro de la familia Bufonidae muy habitual en toda clase de hábitats europeos, sobre todo en aguas estancadas: balsas de riego, albercas, etc. al ser más resistente a las aguas insalubres que otras especies de anfibios durante la fase de renacuajo. Se distribuye por toda Europa salvo Irlanda, Islandia y algunas islas mediterráneas, además de Asia noroccidental y pequeñas partes del noreste africano. Es uno de los anfibios más conocidos, dada su distribución y requerimientos ecológicos laxos Es una especie de un grupo de ellas estrechamente relacionadas, que descienden de una línea ancestral común y que forman un complejo de especies. El sapo es un animal poco visible, ya que por lo general se esconde durante el día. Se activa al atardecer y caza de noche los invertebrados de que se alimenta principalmente. Se mueve con un paso lento y torpe o a saltos cortos; tiene la piel de color marrón grisáceo, cubierta de protuberancias parecidas a verrugas. Aunque los sapos son generalmente animales solitarios, en la época de reproducción un gran número de ellos converge en ciertos estanques de cría, donde los machos compiten por aparearse con las hembras. Los huevos, en forma de cadenas gelatinosas, son depositados en el agua y de ellos eclosionan los renacuajos. Después de varios meses de crecimiento y desarrollo, les brotan los miembros y se metamorfosean a pequeños sapos; estos salen del agua y en adelante serán mucho más terrestres que acuáticos. El sapo común parece estar en declive en ciertas regiones. Está amenazado por la pérdida de hábitat, sobre todo por el drenaje de sus lugares de reproducción y el tráfico rodado que interfiere en sus migraciones anuales. Tradicionalmente, en la cultura popular y la literatura se ha asociado con, por ejemplo, la brujería o el Demonio y en general, ha estado connotado negativamente.','https://upload.wikimedia.org/wikipedia/commons/8/81/Bufo_bufo_03.jpg',7);
insert into Especie (id,nombre,descripcion,detalles,foto,genero_id) values (11,'Epidalea calamita','Sapo corredor','El sapo corredor (Epidalea calamita) es la única especie del género monotípico Epidalea. Es un anfibio anuro de la familia Bufonidae, nativo de áreas arenosas de Europa central y occidental. Se encuentra en una amplia variedad de hábitats, siendo capaz de sobrevivir en zonas bastante secas siempre que disponga al menos de alguna charca para reproducirse. De hecho, es uno de los anfibios más comunes en gran parte de su área de distribución. Los adultos miden unos 6 cm de longitud. Se distingue del sapo común por una línea amarilla o verde claro longitudinal en la mitad de la espalda. Cuerpo rechoncho y muy verrugoso; glándulas parotídeas paralelas. Tienen patas relativamente largas que le dan su distintivo andar en contraste con los movimientos de salto de muchas otras especies de sapos.','https://upload.wikimedia.org/wikipedia/commons/thumb/3/39/Epidalea_calamita_01_by-dpc.jpg/1200px-Epidalea_calamita_01_by-dpc.jpg',8);
insert into Especie (id,nombre,descripcion,detalles,foto,genero_id) values (12,'Pelobates cultripes','Sapo de espuelas','Su distribución mundial se limita exclusivamente a la Península Ibérica y a las costas mediterránea y sudoccidental de Francia. Dentro de la península Ibérica tiene una distribución prácticamente continua haciéndose sus poblaciones más escasas o incluso desapareciendo en el Norte. En Galicia, sólo aparece al sur de la Comunidad y en la franja costera de las rías Bajas. No se encuentran en Asturias ni Santander. En el País Vasco su presencia se limita a la Rioja alavesa. En Navarra sus poblaciones se concentran en el sureste árido y en Aragón no penetran en los Pirineos. Por otro lado, es escaso en las zonas más áridas del sureste peninsular, estando ausente en la provincia de Almería. (BUSACK & ZUG 1976; GOSÁ & BERGERANDI 1994).','https://static.inaturalist.org/photos/46513345/large.jpg',9);
insert into Especie (id,nombre,descripcion,detalles,foto,genero_id) values (13,'Hyla meridionalis','Ranita meridional','Su cuerpo presenta un aspecto gomoso pues tiene la piel muy lisa y brillante en color verde claro, pudiendo presentar tonos amarillentos y pardos. Se observa una raya negra que va desde los orificios nasales, pasando por los ojos, hasta las axilas de las patas delanteras. Por debajo es de tono blancuzco. Posee unas largas patas con ventosas en la punta de los dedos que le dan la capacidad de trepar con facilidad por la vegetación, o ramas de los arbustos que encuentra en su hábitat, por lo que es una rana arborícola. Sus ojos son saltones y de pupila horizontal. Tiene un cierto parecido con su pariente más cercano, la Ranita de San Antonio. De forma poco frecuente podemos encontrar ejemplares de color azul. Esto es debido a una mutación en los genes que determinan la pigmentación de la piel. Estas ranas fabrican dos pigmentos diferentes, el pigmento azul y el pigmento amarillo, que normalmente están presentes de forma conjunta, dando la coloración verde a la piel. A veces por causa de la mutación mencionada, algunos ejemplares no fabrican el pigmento amarillo y por tanto muestran solo la coloración azul.','https://1.bp.blogspot.com/-AQoPkPs2sHU/UhCO-JxFflI/AAAAAAAAGtE/qWd9WZ_TDCk/s1600/IMG_8169.jpg',10);
insert into Especie (id,nombre,descripcion,detalles,foto,genero_id) values (14,'Pleurodelest Waltl','Gallipato','Posee una cabeza grande, ancha en la parte posterior, con ojos pequeños, que se vuelven saltones hacia arriba cuando la aplasta hasta convertirla en apenas un disco semicircular. El cuerpo se halla cubierto por verrugas de punta negra y su coloración varía del prácticamente negro al amarillo pálido, aunque suele ser gris pardusca con manchas oscuras y un color más claro en la parte ventral. La cola, comprimida lateralmente, suele mostrar la misma coloración que el resto del cuerpo con bandas anaranjadas ocasionalmente en los bordes superior e inferior. Presenta crestas caudales pequeñas, algo más desarrolladas en los machos durante el periodo reproductivo. En cada costado se hace visible una hilera de 7 a 10 manchas anaranjadas que coinciden con los extremos de las costillas y por donde, en ocasiones, asoman los extremos de éstas, considerado este hecho como un mecanismo de defensa por diversos autores. Este mecanismo podría ser considerado como un primitivo y rudimentario sistema de inoculación, aunque es totalmente inofensivo para el hombre. En caso de ataque, a la vez que las costillas se extienden hacia el exterior del cuerpo, secretan un veneno que se produce en glándulas existentes para tal efecto. Estas costillas recubiertas de veneno crean un eficiente mecanismo de picadura que inyecta toxinas el la fina piel de la boca del depredador. El efectivo sistema inmunológico del gallipato y las costillas recubiertas de colágeno consiguen que la piel perforada durante este mecanismo de defensa se recupere rápidamente y sin infecciones. En cuanto a dimorfismo sexual, los machos suelen ser más estilizados que las hembras, con unos miembros anteriores más robustos, los cuales presentan unas callosidades de color negro en la época de celo. Sirven para afianzar la aprehensión durante el amplexo, evitando que se escurra la hembra mientras la agarra desde abajo.','https://upload.wikimedia.org/wikipedia/commons/thumb/a/a2/Pleurodeles_waltl_BUD.jpg/1280px-Pleurodeles_waltl_BUD.jpg',11);
insert into Especie (id,nombre,descripcion,detalles,foto,genero_id) values (15,'Salamandra Salamandra','Salamandra común','La salamandra común (Salamandra salamandra) es una especie de anfibio urodelo de la familia Salamandridae. Es el más común de los urodelos en Europa. De hábitos terrestres, únicamente entra en el agua para parir, y muchas subespecies lo hacen en tierra. Es un urodelo inconfundible, de fondo negro y manchas variadas amarillas muy intensas que pueden llegar a cubrir la casi totalidad del cuerpo. A veces también se aprecian manchas de color rojizo. La apariencia de esta especie es bastante diferente entre las subespecies; Salamandra infraimmaculata infraimmaculata es grande (hasta 324 mm) y tiene grandes puntos amarillos en todo el cuerpo, excepto en el vientre. Por lo general, hay cuatro manchas amarillas en la cabeza; uno en cada paratoides y uno encima de cada ojo. Sí. orientalis tiene una apariencia similar a S. i. infraimmaculata , pero tiene pequeñas manchas amarillas en todo el cuerpo, excepto en el vientre. Se cuestiona la validez de esta subespecie. Sí. semenovi es grande y tiene manchas redondas como rosas en todo el cuerpo. La cabeza es bastante redonda. Esta es la especie de salamandra de fuego más grande; puede alcanzar una longitud de 324 mm. Las hembras suelen ser más grandes que los machos. Esta especie no tiene coloración en el vientre, la parte inferior es completamente negra.','https://misanimales.com/wp-content/uploads/2021/01/salamandra-musgo.jpg',12);
insert into Especie (id,nombre,descripcion,detalles,foto,genero_id) values (16,'Tarentola mauritanica','Salamanquesa común','Los adultos pueden llegar a medir de 5 a 15cm, más una longitud similar o poco más para la cola. El lomo, las patas y la cola tienen bultos cónicos prominentes. Su cuerpo es robusto, aplastado, y su cabeza grande y ancha, triangular y separada del cuerpo por un pescuezo marcado. Cuando pierde su cola puede regenerarla, aunque la nueva es más lisa y carece de bultos. Su color habitual es de un gris pardusco o marrón, con variaciones desde el gris blanquecino hasta el casi negro, con manchas más claras y oscuras; el vientre es blanquecino. Sin embargo su color cambia de intensidad dependiendo de la luminosidad que recibe su piel: cuando se encuentra activa durante el día el color es más oscuro que durante la noche. Su boca es obtusa, y sus ojos grandes, sin párpados y con pupila vertical. Los dedos, cinco en cada extremidad, tienen protuberancias laminares laterales e inferiores que le proporcionan cierta adherencia para trepar y desplazarse por superficies verticales (incluso en cristales). Aunque la mayoría de las personas creen, erróneamente, que la facultad que tienen las salamanquesas para trepar y adherirse a paredes verticales o, incluso, deambular en los techos boca abajo, es debido a que en los dedos de sus patas cuentan con múltiples ventosas, en realidad el mecanismo que esencialmente emplean estos reptiles es el fenómeno del denominado principio de las fuerzas de Van der Waals. Las fuerzas o interacciones de Van der Waals son las fuerzas atractivas o repulsivas entre moléculas distintas a aquellas debidas a un enlace intermolecular o a la interacción electrostática de iones con moléculas neutras. Al margen, es cierto que los dedos tienen láminas escamosas que también le ayudan en dicha tarea, pero carecen de ventosas.','https://static.inaturalist.org/photos/21873580/large.jpeg',13);
insert into Especie (id,nombre,descripcion,detalles,foto,genero_id) values (17,'Hemidactylus turcicus','Salamanquesa rosada','La salamanquesa rosada (Hemidactylus turcicus) es una especie de gecos de la familia Gekkonidae presente en buena parte de los países mediterráneos e introducida en diversas regiones del mundo. Son nocturnos e insectívoros. Tienen ojos enormes sin párpados y una piel pálida con manchas negras en su cuerpo y a menudo con la cola jaspeada. Su vientre es un poco traslúcido. En América del Norte, las Antillas Mayores y Centroamérica es una especie invasora.','https://inaturalist-open-data.s3.amazonaws.com/photos/171801218/large.jpg',14);
insert into Especie (id,nombre,descripcion,detalles,foto,genero_id) values (18,'Psammodromus algirus','Lagartija colilarga','Es una lagartija fácilmente identificable, a primera vista, por tener la cola muy desarrollada. Los adultos alcanzan hasta 7,5 cm de longitud (cabeza-cuerpo). La cola es muy larga, como indica su nombre, del orden de dos o incluso tres veces la longitud del conjunto cabeza-cuerpo. Las escamas del dorso y flancos son grandes, planas y puntiagudas, carenadas de forma evidente. La coloración general es parda presentando dos líneas blancas muy conspicuas a ambos lados. Las partes inferiores son blancas o levemente teñidas de verde. Los machos suelen tener una o más manchas azules en los hombros, cuando están en celo tienen la garganta y los lados de la cabeza de color naranja.Las escamas que recubren el dorso y los flancos son aquillados y a la vez imbricadas, salvo que también se extienden a las ventrales. Estas características descritas de las escamas, además de la longitud de la cola, permiten diferenciarla fácilmente de la lagartija roquera (Podarcis muralis) y de la lagartija ibérica (Podarcis hispanica). Un rasgo muy característico de este pequeño saurio radica en la capacidad de emitir chillidos, lo que también se da en Psammodromus hispanicus y en Acanthodactylus erythrurus .','https://upload.wikimedia.org/wikipedia/commons/thumb/6/6c/Psammodromus_algirus_2601.jpg/1280px-Psammodromus_algirus_2601.jpg',15);
insert into Especie (id,nombre,descripcion,detalles,foto,genero_id) values (19,'Natrix Maura','Culebra viperina','Es de tamaño medio, pudiendo alcanzar una longitud de hasta 80 cm, aunque no suele superar los 50 cm. Se caracteriza por mostrar escamas muy carenadas en el dorso. Su coloración es muy variada, generalmente olivácea o marrón amarillenta, pero también puede ser rojiza. Presenta a lo largo de la línea medio dorsal una fila de manchas que en algunos ejemplares pueden llegar a juntarse hasta dar forma a una línea en zig-zag','https://www.montesdevalsain.es/images/Natmau4_a.jpg',16);
insert into Especie (id,nombre,descripcion,detalles,foto,genero_id) values (20,'Natrix natrix','Culebra de collar','Excepcionalmente puede llegar a medir dos metros de longitud, los adultos normalmente rondan los 120 cm. Tiene el cuerpo grueso, la cabeza redondeada y los ojos de pupilas redondas. El color es muy variable, lo más habitual es pardo o verde oscuro, aunque pueden aparecer desde color gris hasta negro; con la parte inferior del cuerpo más clara. Presenta manchas negras. Algunos individuos muestran un collar característico de color amarillento o anaranjado. Es una especie de vida diurna que se alimenta de anfibios (especialmente de ranas y sapos), y puede llegar a cazar pequeños mamíferos y peces. Las hembras son mayores que los machos.','https://www.fishipedia.es/wp-content/uploads/2021/04/34888189801_2182df33f2_h.jpeg',16);
insert into Especie (id,nombre,descripcion,detalles,foto,genero_id) values (21,'Zamenis scalaris','Culebra de escalera','Es una serpiente de cuerpo robusto y cola relativamente corta. Tiene la cabeza pequeña y poco prominente, y el morro agudo. Alcanza una longitud media de 157 cm, siendo las hembras un poco mayores que los machos. Cabeza de culebra de escalera. Su patrón de color varía con la edad; los ejemplares juveniles son de color gris, salpicado con motas negras, y con un diseño de manchas negras a lo largo de su espalda con forma de «H» que se asemeja a una escalera de mano, al que debe la especie su nombre común. En cambio, los adultos son de color pardo amarillento, también con algunas motas negras diseminadas, con dos líneas negras paralelas recorriendo longitudinalmente su espalda. Sus pupilas son redondas y de color negro. La culebra de escalera no es venenosa. Cuando son crías se pueden mostrar más violentas pero su mordedura es inofensiva.','https://www.vertebradosibericos.org/reptiles/identificacion/rhiscaid1.jpg',17);
insert into Especie (id,nombre,descripcion,detalles,foto,genero_id) values (22,'Buthus occitanus','Alacrán','Su coloración es amarillenta, de un tono oscuro en el dorso y más claro en el resto del cuerpo. Es un escorpión. Las pinzas son bastante delgadas y la glándula del veneno es redonda y tan larga como el aguijón. Puede llegar a medir 8 cm de largo.','https://granadanatural.com/imagenes/fauna_fichas/buthus-occitanus-1.jpg',18);
insert into Especie (id,nombre,descripcion,detalles,foto,genero_id) values (23,'Buthus ibericus','Alacrán ibérico','Se encuentra en la península ibérica, tanto en España (Andalucía Occidental y Extremadura) como en Portugal (Alentejo, Trás-os-Montes y Algarve). Habita en zonas áridas y pedregosas. En general rehúye las zonas húmedas. Miden unos 60-65 mm de longitud total. Tiene grandes capacidades trepadoras: puede encontrársele en paredes y techos. Es normalmente activo en los meses calurosos. Se oculta durante el día bajo piedras, hojarasca o en grietas. De noche sale a cazar y tiene una cierta afinidad por la luz, probablemente a causa de los insectos que allí puede encontrar. Su picadura normalmente no es mortal, aunque puede resultar peligrosa en animales pequeños, niños, ancianos y personas alérgicas. El tratamiento para su picadura consiste en aplicar un torniquete suave cuanto antes y tomar antihistamínicos, después de lo cual hay que visitar lo antes posible a un médico, que puede administrar un suero para evitar la atrofia celular de la zona afectada.','https://www.biodiversidadvirtual.org/insectarium/data/media/9033/Buthus-ibericus-1-de-2-972736.jpg',18);
insert into Especie (id,nombre,descripcion,detalles,foto,genero_id) values (24,'Herpestes ichneumon','Meloncillo','El meloncillo tiene una silueta alargada y afilada, con el pelaje de coloración uniforme pardo grisáceo y los pelos color negro con la punta crema, los cuales son largos, midiendo entre 6 y 8 cm, bajo los que se encuentra una borra densa y suave. Las patas son oscuras y cortas, con cinco dedos en cada pie y garras afiladas y curvadas que utiliza para excavar y no son retráctiles. Tiene la cola ancha en su base y con mechón de pelos largos y negros en su punta y las orejas son cortas anchas y redondeadas. Un rasgo distintivo de esta especie es que tiene la pupila horizontal, algo excepcional entre los carnívoros. Además presenta una bolsa anal de gran tamaño, con dos aberturas glandulares.','https://cazaworld.com/wp-content/uploads/2018/10/Meloncillo.jpg',19);
insert into Especie (id,nombre,descripcion,detalles,foto,genero_id) values (25,'Macrothele Calpeiana','Araña del Embudo','Es posiblemente la araña de mayor tamaño de Europa (hembras 50-60 mm y 40-50 mm para los machos). Se han observado ejemplares de ambos sexos de más de 80 mm. A igual diámetro, el cuerpo de los machos es más pequeño en comparación con las hembras. Especie fácil de identificar por el gran tamaño de su hileras (theles) que le dan nombre, cefalotórax, quelíceros y apéndices de color pardo rojizo, más o menos oscuro. Abdomen marrón-violáceo, cuerpo cubierto de pilosidad oscura.','https://wastemagazine.es/fotos2/macrothelecalpeiana1.jpg',20);



insert into Encuentro (id,usuario_id,especie_id,fecha,descripcion,foto,zona,tamanio,peso,sexo) values (1,1,1,'2023-01-01','Ayer por la tarde tuve la suerte de encontrar una araña Lycosa hispanica en Gerena. No soy un experto en arácnidos, pero esta especie me llamó la atención por su tamaño mediano y su cuerpo marrón claro con patas largas y delgadas. Al principio, me preocupó que fuera una araña venenosa, pero después de investigar un poco, descubrí que no es peligrosa para los humanos. Lo que más me impresionó de esta araña fue su habilidad para cazar activamente a sus presas en lugar de esperarlas en una tela como hacen otras arañas. La Lycosa hispanica es muy ágil y rápida, y puede correr a gran velocidad y saltar distancias sorprendentes para capturar a sus presas. Me pareció fascinante verla en acción. Según lo que he leído, estas arañas prefieren cazar en áreas abiertas y soleadas, como campos y praderas. Así que no me sorprendió encontrarla en un lugar así. En definitiva, fue una experiencia emocionante y educativa ver a esta araña lobo en su hábitat natural. ¡Qué maravilla de la naturaleza!','https://lahuertinadetoni.es/wp-content/uploads/2015/01/233-163-Copiar.jpg','Gerena',3,10,'F');
insert into Encuentro (id,usuario_id,especie_id,fecha,descripcion,foto,zona,tamanio,peso,sexo) values (2,1,10,'2023-02-02','Anoche mientras caminaba por Gerena, tuve un encuentro increíble con un sapo común (Bufo bufo). Era de color marrón oscuro con una piel rugosa y verrugosa, y tenía patas cortas y robustas que le permitían saltar cortas distancias. Este sapo común era bastante grande, pero se movía con mucha lentitud y parecía estar buscando algo de comida cerca del suelo. A pesar de su apariencia intimidante, estos sapos son realmente inofensivos y se alimentan principalmente de insectos, arañas y otros invertebrados. Lo que más me impresionó de este sapo fue su capacidad para cambiar de color. Cuando lo vi por primera vez, era de un marrón oscuro uniforme, pero cuando se sintió amenazado, cambió rápidamente a un tono más claro para camuflarse en su entorno. Fue realmente fascinante ver cómo su piel se adaptaba para protegerlo de los depredadores. Si estás interesado en observar sapos comunes como este, te recomiendo salir a caminar por la noche cerca de fuentes de agua como arroyos o charcas. Los sapos comunes son animales nocturnos y a menudo se pueden encontrar cerca de estas áreas en busca de alimento o para reproducirse. En definitiva, mi encuentro con el sapo común en Gerena fue una experiencia emocionante y educativa. Me impresionó su comportamiento y adaptabilidad, y espero tener la oportunidad de ver más de cerca a estas fascinantes criaturas en el futuro. ¡Gracias por leer mi historia!','https://i.ibb.co/tcRrJmK/bufobufo-1.jpg','Gerena',8,120,'M');
insert into Encuentro (id,usuario_id,especie_id,fecha,descripcion,foto,zona,tamanio,peso,sexo) values (3,1,11,'2023-03-15','Quiero compartirles mi encuentro con una Epidalea calamita en Aznalcóllar. Esta especie de rana es fácilmente reconocible por su piel verde brillante con manchas negras y por su ojo de color dorado. La Epidalea calamita es una rana muy activa y ágil, y es capaz de saltar largas distancias para moverse rápidamente. La encontré cerca de un pequeño arroyo en el bosque, donde estaba buscando alimento en el agua y en las áreas circundantes. Lo que más me impresionó fue el sonido que emitía esta rana. Su llamado es bastante distintivo y puede ser escuchado en la noche en áreas cercanas a cuerpos de agua. Es una especie muy vocal y su canto es una señal de que la primavera ha llegado. Si estás interesado en observar a la Epidalea calamita, te sugiero caminar por los bosques cercanos a los arroyos y lagos, especialmente durante la noche. Es una especie muy común en Europa y se puede encontrar en una amplia variedad de hábitats. En resumen, mi encuentro con la Epidalea calamita en Aznalcóllar fue una experiencia emocionante y educativa. Espero que esta breve descripción te haya inspirado para explorar la naturaleza y aprender más sobre las fascinantes criaturas que habitan en ella.','https://i.ibb.co/HPTFjsX/epidaleacalamita-4.jpg','Aznalcollar',5,130,'F');
insert into Encuentro (id,usuario_id,especie_id,fecha,descripcion,foto,zona,tamanio,peso,sexo) values (4,1,12,'2023-01-12','Durante una noche de primavera en un área boscosa cerca de un arroyo, tuve la suerte de encontrar una especie de sapo rara y en peligro de extinción, el Pelobates cultripes. Este sapo es fácilmente reconocible por su piel de color marrón oscuro con manchas amarillas y su cresta distintiva en la parte posterior de su cabeza. Lo que más me impresionó de este encuentro fue la habilidad del sapo para cavar en la tierra y esconderse en ella para protegerse de los depredadores. Su canto, que es bastante distintivo, lo delató y me permitió encontrarlo cerca del arroyo donde estaba buscando alimento. Es importante destacar que el Pelobates cultripes se encuentra en peligro de extinción en muchas partes de Europa, lo que hace que encontrar uno en su hábitat natural sea una experiencia única y emocionante. Si estás interesado en observar a esta fascinante especie, te sugiero buscar en áreas boscosas cerca de ríos o arroyos durante la noche. Es importante recordar que es una especie protegida y su conservación es fundamental para garantizar su supervivencia. En resumen, mi encuentro con el Pelobates cultripes fue una experiencia única e inolvidable. Espero que esta breve descripción te haya inspirado a explorar la naturaleza y aprender más sobre las fascinantes especies que habitan en ella. ¡Gracias por leer mi historia!','https://i.ibb.co/xgYXjxs/pelobatescultripes-1.jpg','Gerena',10,150,'F');
insert into Encuentro (id,usuario_id,especie_id,fecha,descripcion,foto,zona,tamanio,peso,sexo) values (5,1,22,'2023-05-13','Durante una caminata en un área desértica, tuve la suerte de encontrarme con un ejemplar de Buthus buthus, una especie de escorpión venenoso que habita en el norte de África y en el sur de Europa. Este escorpión es fácilmente reconocible por su color marrón oscuro y su tamaño relativamente grande en comparación con otros escorpiones de la misma familia. Su veneno es muy potente y puede ser peligroso para los seres humanos. Lo que más me llamó la atención de este encuentro fue la habilidad del escorpión para camuflarse en el suelo y pasar desapercibido hasta que me acerqué demasiado. Fue una experiencia emocionante y educativa, y me recordó lo importante que es estar alerta y consciente de nuestro entorno durante actividades al aire libre. Si estás interesado en observar a Buthus buthus, te sugiero tomar medidas de precaución y tener en cuenta que es una especie venenosa. Siempre es recomendable buscar información y recibir asesoramiento de expertos antes de aventurarse en áreas donde se sabe que habita esta especie de escorpión.','https://i.ibb.co/n0zXshr/buthus-2.jpg','Aznalcollar',10,50,'F');
insert into Encuentro (id,usuario_id,especie_id,fecha,descripcion,foto,zona,tamanio,peso,sexo) values (6,1,19,'2023-05-02','Durante una excursión por un área boscosa, tuve la suerte de encontrarme con una especie de mariposa bastante interesante, la Natraja maura. Esta especie de mariposa es fácilmente reconocible por sus alas de color marrón oscuro con manchas blancas y una línea blanca en la parte inferior de sus alas traseras. Lo que más me llamó la atención de esta mariposa fue su comportamiento, ya que era muy activa y ágil en su vuelo, moviéndose rápidamente de una flor a otra en busca de néctar. Era una especie muy hermosa y elegante en su vuelo, y fue una experiencia emocionante verla de cerca. Si estás interesado en observar a la Natraja maura, te sugiero buscar en áreas boscosas y cerca de fuentes de agua, ya que es un hábitat común para esta especie de mariposa. Es importante tener en cuenta que, como con todas las especies de mariposas, es fundamental evitar dañar su hábitat y respetar su entorno natural. En resumen, mi encuentro con la Natraja maura fue una experiencia emocionante y educativa. Espero que esta breve descripción te haya inspirado a explorar la naturaleza y aprender más sobre las fascinantes especies que habitan en ella. ¡Gracias por leer mi historia!','https://i.ibb.co/xXQYH1G/natrixmaura-1.jpg','Gerena',30,80,'M');
insert into Encuentro (id,usuario_id,especie_id,fecha,descripcion,foto,zona,tamanio,peso,sexo) values (7,4,1,'2023-04-14','Durante una caminata en una zona abierta y soleada, tuve la suerte de encontrarme con una araña Lycosa hispanica. Esta especie de araña es fácilmente reconocible por su tamaño mediano, su cuerpo marrón claro y sus patas largas y delgadas. Lo que más me llamó la atención de esta araña fue su habilidad para cazar activamente a sus presas en lugar de esperarlas en una tela como hacen otras arañas. La Lycosa hispanica es muy ágil y rápida, y puede correr a gran velocidad y saltar distancias sorprendentes para capturar a sus presas. Fue fascinante verla en acción. Según lo que he leído, estas arañas prefieren cazar en áreas abiertas y soleadas, como campos y praderas. Encontré a esta araña en un lugar así, y su comportamiento y apariencia me impresionaron. Si estás interesado en observar a la Lycosa hispanica, te sugiero buscar en áreas abiertas y soleadas durante el día. Es importante tener en cuenta que, como con todas las especies de arañas, es fundamental evitar dañar su hábitat y respetar su entorno natural. En resumen, mi encuentro con la Lycosa hispanica fue una experiencia emocionante y educativa. Espero que esta breve descripción te haya inspirado a explorar la naturaleza y aprender más sobre las fascinantes especies que habitan en ella. ¡Gracias por leer mi historia!','https://i.ibb.co/Brp8Kds/Lycosas-6.jpg','Aznalcollar',5,10,'F');
insert into Encuentro (id,usuario_id,especie_id,fecha,descripcion,foto,zona,tamanio,peso,sexo) values (8,4,3,'2023-03-15','Durante una caminata por un arroyo en una zona boscosa, tuve la suerte de encontrar un ejemplar de Triturus marmoratus, una especie de tritón que habita en Europa. Esta especie de tritón es fácilmente reconocible por su coloración marrón oscuro con manchas y rayas de color amarillo brillante en su piel. Lo que más me llamó la atención de este encuentro fue la habilidad del tritón para nadar con gracia y rapidez en el arroyo. También noté su comportamiento curioso y alerta mientras exploraba su entorno acuático en busca de alimento. Los Triturus marmoratus habitan en áreas cercanas a cuerpos de agua como ríos, arroyos y charcas, y son más activos durante la noche. Si estás interesado en observar a esta especie de tritón, te sugiero buscar en áreas cercanas a estos cuerpos de agua durante la noche. Es importante tener en cuenta que los Triturus marmoratus son una especie protegida en muchas partes de Europa, y es necesario tomar medidas de precaución y respeto en su hábitat natural para garantizar su supervivencia. En resumen, mi encuentro con el Triturus marmoratus fue una experiencia emocionante y educativa. Espero que esta breve descripción te haya inspirado a explorar la naturaleza y aprender más sobre las fascinantes especies que habitan en ella. ¡Gracias por leer mi historia!','https://i.ibb.co/QFpFW4H/triturusmarmoratus-1.jpg','Navas de la Concepción',11,120,'M');
insert into Encuentro (id,usuario_id,especie_id,fecha,descripcion,foto,zona,tamanio,peso,sexo) values (9,4,4,'2023-03-15','Durante una caminata en un bosque húmedo, tuve la suerte de encontrarme con una especie de salamandra bastante interesante, la Lissotriton boscai. Esta especie de salamandra es fácilmente reconocible por su coloración marrón oscuro con manchas amarillas y su piel rugosa. Lo que más me impresionó de este encuentro fue la habilidad de la Lissotriton boscai para moverse con gracia y rapidez en su entorno acuático. También noté su comportamiento curioso y su agilidad para desaparecer rápidamente en el agua cuando se sintió amenazada. Las Lissotriton boscai habitan en áreas cercanas a cuerpos de agua como arroyos y charcas, y son más activas durante la noche. Si estás interesado en observar a esta especie de salamandra, te sugiero buscar en áreas cercanas a estos cuerpos de agua durante la noche. Es importante tener en cuenta que las Lissotriton boscai son una especie protegida en muchas partes de Europa, y es necesario tomar medidas de precaución y respeto en su hábitat natural para garantizar su supervivencia. En resumen, mi encuentro con la Lissotriton boscai fue una experiencia emocionante y educativa. Espero que esta breve descripción te haya inspirado a explorar la naturaleza y aprender más sobre las fascinantes especies que habitan en ella. ¡Gracias por leer mi historia!','https://i.ibb.co/p0kKQHv/lissotritonboscai-2.jpg','Navas de la Concepción',8,100,'F');
insert into Encuentro (id,usuario_id,especie_id,fecha,descripcion,foto,zona,tamanio,peso,sexo) values (10,5,19,'2023-02-20','Durante una caminata en un área cercana a un río, tuve la suerte de encontrar una especie de serpiente bastante interesante, la Natrix maura. Esta especie de serpiente es fácilmente reconocible por su piel de color marrón oscuro y su patrón de manchas blancas y amarillas en su vientre. Lo que más me impresionó de este encuentro fue la habilidad de la Natrix maura para desplazarse con gracia y rapidez en el agua. También noté su comportamiento curioso y su agilidad para deslizarse rápidamente cuando se sintió amenazada. Las Natrix maura habitan en áreas cercanas a cuerpos de agua como ríos, arroyos y charcas, y son más activas durante el día. Si estás interesado en observar a esta especie de serpiente, te sugiero buscar en áreas cercanas a estos cuerpos de agua durante el día. Es importante tener en cuenta que las Natrix maura son una especie protegida en muchas partes de Europa, y es necesario tomar medidas de precaución y respeto en su hábitat natural para garantizar su supervivencia. En resumen, mi encuentro con la Natrix maura fue una experiencia emocionante y educativa. Espero que esta breve descripción te haya inspirado a explorar la naturaleza y aprender más sobre las fascinantes especies que habitan en ella. ¡Gracias por leer mi historia!','https://i.ibb.co/Y2VWyD6/natrixmaura-2.jpg','Gerena',30,80,'F');
insert into Encuentro (id,usuario_id,especie_id,fecha,descripcion,foto,zona,tamanio,peso,sexo) values (11,5,13,'2023-03-18','Durante una noche de primavera en un área boscosa, tuve la suerte de encontrar una especie de rana bastante interesante, la Hyla meridionalis. Esta especie de rana es fácilmente reconocible por su piel de color verde brillante con manchas oscuras y una línea blanca distintiva debajo de sus ojos. Lo que más me impresionó de este encuentro fue la habilidad de la Hyla meridionalis para cantar, un sonido distintivo y alegre que se asemeja al canto de los pájaros. Era fascinante ver a esta rana cantar mientras se movía de un lugar a otro en busca de alimento. Las Hyla meridionalis habitan en áreas boscosas y cerca de cuerpos de agua como ríos y charcas, y son más activas durante la noche. Si estás interesado en observar a esta especie de rana, te sugiero buscar en áreas cercanas a estos cuerpos de agua durante la noche. Es importante tener en cuenta que las Hyla meridionalis son una especie protegida en muchas partes de Europa, y es necesario tomar medidas de precaución y respeto en su hábitat natural para garantizar su supervivencia. En resumen, mi encuentro con la Hyla meridionalis fue una experiencia emocionante y educativa. Espero que esta breve descripción te haya inspirado a explorar la naturaleza y aprender más sobre las fascinantes especies que habitan en ella. ¡Gracias por leer mi historia!','https://i.ibb.co/sFpNhgf/hylameridionalis-6.jpg','Gerena',5,80,'M');
insert into Encuentro (id,usuario_id,especie_id,fecha,descripcion,foto,zona,tamanio,peso,sexo) values (12,5,23,'2023-02-10','Durante una caminata en un área árida, tuve la suerte de encontrar una especie de escorpión venenoso muy interesante, el Buthus ibericus. Esta especie de escorpión es fácilmente reconocible por su tamaño mediano, su color marrón oscuro y su cola curvada con un aguijón venenoso en la punta. Lo que más me impresionó de este encuentro fue la habilidad del Buthus ibericus para sobrevivir en un ambiente tan hostil. También noté su comportamiento curioso y su agilidad para moverse rápidamente cuando se sintió amenazado. Los Buthus ibericus habitan en áreas áridas y rocosas, y pueden ser encontrados en el suelo o debajo de rocas y piedras durante el día. Si estás interesado en observar a esta especie de escorpión, te sugiero buscar en áreas similares durante el día y tomar medidas de precaución para evitar ser picado por su aguijón venenoso. Es importante tener en cuenta que los Buthus ibericus son una especie venenosa y esencialmente peligrosa, por lo que es necesario tomar medidas de precaución y respeto en su hábitat natural para garantizar la seguridad de las personas y la supervivencia de la especie. En resumen, mi encuentro con el Buthus ibericus fue una experiencia emocionante y educativa. Espero que esta breve descripción te haya inspirado a explorar la naturaleza con precaución y respeto hacia las especies peligrosas que habitan en ella. ¡Gracias por leer mi historia!','https://i.ibb.co/5YWc73S/buthus-7.jpg','Aznalcollar',7,20,'M');
insert into Encuentro (id,usuario_id,especie_id,fecha,descripcion,foto,zona,tamanio,peso,sexo) values (13,6,2,'2023-01-30','Durante una caminata en un área abierta y soleada, tuve la suerte de encontrar una especie de araña lobo, la Lycosa lycosa. Esta especie de araña es fácilmente reconocible por su tamaño mediano, su coloración marrón oscuro y la forma característica en que se lleva a sus crías en su espalda. Lo que más me impresionó de este encuentro fue la habilidad de la Lycosa lycosa para cazar activamente a sus presas. Como otras arañas lobo, la Lycosa lycosa es un cazador activo y se desplaza rápidamente para capturar a sus presas. También noté su comportamiento curioso y su agilidad para moverse rápidamente cuando se sintió amenazada. Las Lycosa lycosa habitan en áreas abiertas y soleadas, como campos y praderas, y son más activas durante el día. Si estás interesado en observar a esta especie de araña, te sugiero buscar en áreas similares durante el día. Es importante tener en cuenta que las Lycosa lycosa, como todas las arañas, son una especie venenosa y esencialmente inofensiva para los humanos. Es necesario tomar medidas de precaución y respeto en su hábitat natural para garantizar la supervivencia de la especie. En resumen, mi encuentro con la Lycosa lycosa fue una experiencia emocionante y educativa. Espero que esta breve descripción te haya inspirado a explorar la naturaleza y aprender más sobre las fascinantes especies que habitan en ella. ¡Gracias por leer mi historia!','https://i.ibb.co/pXRfBQv/Lycosas-1.jpg','Gerena',10,30,'F');
insert into Encuentro (id,usuario_id,especie_id,fecha,descripcion,foto,zona,tamanio,peso,sexo) values (14,6,14,'2023-02-16','El gallipato o Pleurodeles waltl es una especie de salamandra que habita en España, Portugal y Marruecos. Esta especie es fácilmente reconocible por su tamaño grande, su piel rugosa y su coloración marrón oscuro con manchas claras. Lo que más me impresiona de esta especie es su capacidad para regenerar extremidades y su habilidad para sobrevivir en una amplia variedad de hábitats, incluyendo ríos, arroyos y charcas. Además, su dieta es principalmente carnívora, lo que lo convierte en un importante depredador en su ecosistema. Si estás interesado en observar a esta especie de salamandra, te sugiero buscar en áreas cercanas a cuerpos de agua durante la noche. Es importante tener en cuenta que, como con todas las especies de salamandras, es fundamental evitar dañar su hábitat y respetar su entorno natural. En resumen, el gallipato o Pleurodeles waltl es una especie de salamandra interesante y valiosa que habita en España, Portugal y Marruecos. Espero que esta breve descripción te haya inspirado a explorar la naturaleza y aprender más sobre las fascinantes especies que habitan en ella.','https://i.ibb.co/n7yfypy/pleurodeleswalt-1.jpg','Gerena',15,150,'M');
insert into Encuentro (id,usuario_id,especie_id,fecha,descripcion,foto,zona,tamanio,peso,sexo) values (15,6,13,'2023-04-22','Fue en una noche de primavera en una zona boscosa cerca de un río. Estaba caminando por el sendero cuando escuché un sonido alegre y distintivo que me llamó la atención. Me acerqué para ver qué era y ¡sorpresa!, era una rana verde con manchas oscuras y una línea blanca debajo de sus ojos. Era la Hyla meridionalis. Me quedé alucinado con la belleza y la elegancia de esta rana arbórea, y además era una cantante impresionante. La observé por un rato mientras se movía de un lado a otro en busca de comida. Era curiosa y ágil, y parecía sentirse muy cómoda en su entorno natural. Fue una experiencia increíble y educativa ver a esta especie de rana en su hábitat natural. Me recordó lo importante que es respetar y proteger el medio ambiente y todas las especies que lo habitan. Espero que mi descripción te haya sido útil y te haya inspirado a explorar la naturaleza y apreciar la belleza de las especies que viven en ella. ¡Gracias por preguntar!','https://i.ibb.co/MsjQ5VC/hylameridionalis-2.jpg','Gerena',5,30,'F');
insert into Encuentro (id,usuario_id,especie_id,fecha,descripcion,foto,zona,tamanio,peso,sexo) values (16,1,25,'2023-03-21','Hace poco tuve la oportunidad de tener un encuentro fascinante con una marcothele calpeiana aquí en España. La marcothele calpeiana es una especie de araña venenosa que se encuentra comúnmente en la región mediterránea. Mi encuentro con esta araña fue bastante inesperado. Estaba caminando por un sendero cerca de la costa cuando vi algo moverse en el suelo. Me acerqué para ver lo que era y me encontré con la marcothele calpeiana caminando tranquilamente por el camino. Debo admitir que inicialmente me sentí un poco nervioso al ver una araña tan grande y venenosa, pero también me sentí fascinado por su apariencia única. La marcothele calpeiana es de un color marrón oscuro con rayas blancas y negras en las patas, lo que la hace fácilmente reconocible. Me mantuve a una distancia segura mientras observaba a la araña caminar por el sendero. Me impresionó la elegancia de sus movimientos y la forma en que parecía estar completamente en sintonía con su entorno. A medida que la marcothele calpeiana se alejaba, tomé algunas fotografías para recordar este emocionante encuentro. Si bien es importante tener precaución alrededor de arañas venenosas como la marcothele calpeiana, también es fascinante aprender sobre estas criaturas y apreciar su belleza en su entorno natural.','https://i.ibb.co/kygxTdN/macrothelecalpeiana-2.jpg','Gerena',5,20,'F');

insert into Valoracion(valoracion_id,encuentro_id,usuario_id,especie,foto,sexo,puntuacion_total) values (1,1,1,2,5,0,2.33); 
insert into Valoracion(valoracion_id,encuentro_id,usuario_id,especie,foto,sexo,puntuacion_total) values (2,2,1,4,1,0,1.67); 
insert into Valoracion(valoracion_id,encuentro_id,usuario_id,especie,foto,sexo,puntuacion_total) values (3,3,1,1,0,0,0.33); 
insert into Valoracion(valoracion_id,encuentro_id,usuario_id,especie,foto,sexo,puntuacion_total) values (4,4,1,2,3,5,3.33); 
insert into Valoracion(valoracion_id,encuentro_id,usuario_id,especie,foto,sexo,puntuacion_total) values (5,5,1,5,3,5,4.33); 
insert into Valoracion(valoracion_id,encuentro_id,usuario_id,especie,foto,sexo,puntuacion_total) values (6,6,1,2,1,5,2.67); 
insert into Valoracion(valoracion_id,encuentro_id,usuario_id,especie,foto,sexo,puntuacion_total) values (7,7,1,4,0,0,1.33); 
insert into Valoracion(valoracion_id,encuentro_id,usuario_id,especie,foto,sexo,puntuacion_total) values (8,8,1,4,1,0,1.67); 
insert into Valoracion(valoracion_id,encuentro_id,usuario_id,especie,foto,sexo,puntuacion_total) values (9,9,1,3,2,5,3.33); 
insert into Valoracion(valoracion_id,encuentro_id,usuario_id,especie,foto,sexo,puntuacion_total) values (10,10,1,0,5,0,1.67); 
insert into Valoracion(valoracion_id,encuentro_id,usuario_id,especie,foto,sexo,puntuacion_total) values (11,11,1,5,3,5,4.33); 
insert into Valoracion(valoracion_id,encuentro_id,usuario_id,especie,foto,sexo,puntuacion_total) values (12,12,1,2,4,5,3.67); 
insert into Valoracion(valoracion_id,encuentro_id,usuario_id,especie,foto,sexo,puntuacion_total) values (13,13,1,0,5,5,3.33); 
insert into Valoracion(valoracion_id,encuentro_id,usuario_id,especie,foto,sexo,puntuacion_total) values (14,14,1,3,4,0,2.33); 
insert into Valoracion(valoracion_id,encuentro_id,usuario_id,especie,foto,sexo,puntuacion_total) values (15,15,1,5,0,0,1.67); 
insert into Valoracion(valoracion_id,encuentro_id,usuario_id,especie,foto,sexo,puntuacion_total) values (16,1,2,3,4,0,2.33); 
insert into Valoracion(valoracion_id,encuentro_id,usuario_id,especie,foto,sexo,puntuacion_total) values (17,2,2,4,5,0,3.00); 
insert into Valoracion(valoracion_id,encuentro_id,usuario_id,especie,foto,sexo,puntuacion_total) values (18,3,2,5,2,0,2.33); 
insert into Valoracion(valoracion_id,encuentro_id,usuario_id,especie,foto,sexo,puntuacion_total) values (19,4,2,5,5,0,3.33); 
insert into Valoracion(valoracion_id,encuentro_id,usuario_id,especie,foto,sexo,puntuacion_total) values (20,5,2,4,5,0,3.00); 
insert into Valoracion(valoracion_id,encuentro_id,usuario_id,especie,foto,sexo,puntuacion_total) values (21,6,2,2,3,5,3.33); 
insert into Valoracion(valoracion_id,encuentro_id,usuario_id,especie,foto,sexo,puntuacion_total) values (22,7,2,4,4,0,2.67); 
insert into Valoracion(valoracion_id,encuentro_id,usuario_id,especie,foto,sexo,puntuacion_total) values (23,8,2,2,1,5,2.67); 
insert into Valoracion(valoracion_id,encuentro_id,usuario_id,especie,foto,sexo,puntuacion_total) values (24,9,2,4,3,0,2.33); 
insert into Valoracion(valoracion_id,encuentro_id,usuario_id,especie,foto,sexo,puntuacion_total) values (25,10,2,5,2,0,2.33); 
insert into Valoracion(valoracion_id,encuentro_id,usuario_id,especie,foto,sexo,puntuacion_total) values (26,11,2,1,3,5,3.00); 
insert into Valoracion(valoracion_id,encuentro_id,usuario_id,especie,foto,sexo,puntuacion_total) values (27,12,2,0,0,0,0.00); 
insert into Valoracion(valoracion_id,encuentro_id,usuario_id,especie,foto,sexo,puntuacion_total) values (28,13,2,3,5,0,2.67); 
insert into Valoracion(valoracion_id,encuentro_id,usuario_id,especie,foto,sexo,puntuacion_total) values (29,14,2,3,5,0,2.67); 
insert into Valoracion(valoracion_id,encuentro_id,usuario_id,especie,foto,sexo,puntuacion_total) values (30,15,2,4,3,5,4.00); 
insert into Valoracion(valoracion_id,encuentro_id,usuario_id,especie,foto,sexo,puntuacion_total) values (31,1,3,2,5,0,2.33); 
insert into Valoracion(valoracion_id,encuentro_id,usuario_id,especie,foto,sexo,puntuacion_total) values (32,2,3,2,1,0,1.00); 
insert into Valoracion(valoracion_id,encuentro_id,usuario_id,especie,foto,sexo,puntuacion_total) values (33,3,3,3,1,5,3.00); 
insert into Valoracion(valoracion_id,encuentro_id,usuario_id,especie,foto,sexo,puntuacion_total) values (34,4,3,5,2,0,2.33); 
insert into Valoracion(valoracion_id,encuentro_id,usuario_id,especie,foto,sexo,puntuacion_total) values (35,5,3,3,5,0,2.67); 
insert into Valoracion(valoracion_id,encuentro_id,usuario_id,especie,foto,sexo,puntuacion_total) values (36,6,3,1,0,5,2.00); 
insert into Valoracion(valoracion_id,encuentro_id,usuario_id,especie,foto,sexo,puntuacion_total) values (37,7,3,0,2,0,0.67); 
insert into Valoracion(valoracion_id,encuentro_id,usuario_id,especie,foto,sexo,puntuacion_total) values (38,8,3,4,4,0,2.67); 
insert into Valoracion(valoracion_id,encuentro_id,usuario_id,especie,foto,sexo,puntuacion_total) values (39,9,3,0,4,5,3.00); 
insert into Valoracion(valoracion_id,encuentro_id,usuario_id,especie,foto,sexo,puntuacion_total) values (40,10,3,0,1,0,0.33); 
insert into Valoracion(valoracion_id,encuentro_id,usuario_id,especie,foto,sexo,puntuacion_total) values (41,11,3,5,3,5,4.33); 
insert into Valoracion(valoracion_id,encuentro_id,usuario_id,especie,foto,sexo,puntuacion_total) values (42,12,3,0,2,0,0.67); 
insert into Valoracion(valoracion_id,encuentro_id,usuario_id,especie,foto,sexo,puntuacion_total) values (43,13,3,1,2,5,2.67); 
insert into Valoracion(valoracion_id,encuentro_id,usuario_id,especie,foto,sexo,puntuacion_total) values (44,14,3,4,1,0,1.67); 
insert into Valoracion(valoracion_id,encuentro_id,usuario_id,especie,foto,sexo,puntuacion_total) values (45,15,3,2,1,0,1.00); 
insert into Valoracion(valoracion_id,encuentro_id,usuario_id,especie,foto,sexo,puntuacion_total) values (46,1,4,4,3,5,4.00); 
insert into Valoracion(valoracion_id,encuentro_id,usuario_id,especie,foto,sexo,puntuacion_total) values (47,2,4,1,1,0,0.67); 
insert into Valoracion(valoracion_id,encuentro_id,usuario_id,especie,foto,sexo,puntuacion_total) values (48,3,4,5,0,0,1.67); 
insert into Valoracion(valoracion_id,encuentro_id,usuario_id,especie,foto,sexo,puntuacion_total) values (49,4,4,4,5,5,4.67); 
insert into Valoracion(valoracion_id,encuentro_id,usuario_id,especie,foto,sexo,puntuacion_total) values (50,5,4,3,4,0,2.33); 
insert into Valoracion(valoracion_id,encuentro_id,usuario_id,especie,foto,sexo,puntuacion_total) values (51,6,4,1,2,5,2.67); 
insert into Valoracion(valoracion_id,encuentro_id,usuario_id,especie,foto,sexo,puntuacion_total) values (52,7,4,4,3,5,4.00); 
insert into Valoracion(valoracion_id,encuentro_id,usuario_id,especie,foto,sexo,puntuacion_total) values (53,8,4,3,0,0,1.00); 
insert into Valoracion(valoracion_id,encuentro_id,usuario_id,especie,foto,sexo,puntuacion_total) values (54,9,4,2,0,0,0.67); 
insert into Valoracion(valoracion_id,encuentro_id,usuario_id,especie,foto,sexo,puntuacion_total) values (55,10,4,2,1,0,1.00); 
insert into Valoracion(valoracion_id,encuentro_id,usuario_id,especie,foto,sexo,puntuacion_total) values (56,11,4,2,5,5,4.00); 
insert into Valoracion(valoracion_id,encuentro_id,usuario_id,especie,foto,sexo,puntuacion_total) values (57,12,4,5,3,0,2.67); 
insert into Valoracion(valoracion_id,encuentro_id,usuario_id,especie,foto,sexo,puntuacion_total) values (58,13,4,3,0,0,1.00); 
insert into Valoracion(valoracion_id,encuentro_id,usuario_id,especie,foto,sexo,puntuacion_total) values (59,14,4,5,2,5,4.00); 
insert into Valoracion(valoracion_id,encuentro_id,usuario_id,especie,foto,sexo,puntuacion_total) values (60,15,4,3,3,0,2.00); 
insert into Valoracion(valoracion_id,encuentro_id,usuario_id,especie,foto,sexo,puntuacion_total) values (61,1,5,5,3,5,4.33); 
insert into Valoracion(valoracion_id,encuentro_id,usuario_id,especie,foto,sexo,puntuacion_total) values (62,2,5,3,4,5,4.00); 
insert into Valoracion(valoracion_id,encuentro_id,usuario_id,especie,foto,sexo,puntuacion_total) values (63,3,5,4,2,0,2.00); 
insert into Valoracion(valoracion_id,encuentro_id,usuario_id,especie,foto,sexo,puntuacion_total) values (64,4,5,5,1,5,3.67); 
insert into Valoracion(valoracion_id,encuentro_id,usuario_id,especie,foto,sexo,puntuacion_total) values (65,5,5,2,0,5,2.33); 
insert into Valoracion(valoracion_id,encuentro_id,usuario_id,especie,foto,sexo,puntuacion_total) values (66,6,5,0,4,5,3.00); 
insert into Valoracion(valoracion_id,encuentro_id,usuario_id,especie,foto,sexo,puntuacion_total) values (67,7,5,0,4,5,3.00); 
insert into Valoracion(valoracion_id,encuentro_id,usuario_id,especie,foto,sexo,puntuacion_total) values (68,8,5,0,4,0,1.33); 
insert into Valoracion(valoracion_id,encuentro_id,usuario_id,especie,foto,sexo,puntuacion_total) values (69,9,5,0,1,0,0.33); 
insert into Valoracion(valoracion_id,encuentro_id,usuario_id,especie,foto,sexo,puntuacion_total) values (70,10,5,4,1,5,3.33); 
insert into Valoracion(valoracion_id,encuentro_id,usuario_id,especie,foto,sexo,puntuacion_total) values (71,11,5,0,3,0,1.00); 
insert into Valoracion(valoracion_id,encuentro_id,usuario_id,especie,foto,sexo,puntuacion_total) values (72,12,5,5,0,0,1.67); 
insert into Valoracion(valoracion_id,encuentro_id,usuario_id,especie,foto,sexo,puntuacion_total) values (73,13,5,0,4,5,3.00); 
insert into Valoracion(valoracion_id,encuentro_id,usuario_id,especie,foto,sexo,puntuacion_total) values (74,14,5,5,5,0,3.33); 
insert into Valoracion(valoracion_id,encuentro_id,usuario_id,especie,foto,sexo,puntuacion_total) values (75,15,5,2,2,5,3.00); 
insert into Valoracion(valoracion_id,encuentro_id,usuario_id,especie,foto,sexo,puntuacion_total) values (76,1,6,5,3,0,2.67); 
insert into Valoracion(valoracion_id,encuentro_id,usuario_id,especie,foto,sexo,puntuacion_total) values (77,2,6,1,5,5,3.67); 
insert into Valoracion(valoracion_id,encuentro_id,usuario_id,especie,foto,sexo,puntuacion_total) values (78,3,6,2,4,5,3.67); 
insert into Valoracion(valoracion_id,encuentro_id,usuario_id,especie,foto,sexo,puntuacion_total) values (79,4,6,1,2,5,2.67); 
insert into Valoracion(valoracion_id,encuentro_id,usuario_id,especie,foto,sexo,puntuacion_total) values (80,5,6,5,3,0,2.67); 
insert into Valoracion(valoracion_id,encuentro_id,usuario_id,especie,foto,sexo,puntuacion_total) values (81,6,6,0,1,0,0.33); 
insert into Valoracion(valoracion_id,encuentro_id,usuario_id,especie,foto,sexo,puntuacion_total) values (82,7,6,3,0,5,2.67); 
insert into Valoracion(valoracion_id,encuentro_id,usuario_id,especie,foto,sexo,puntuacion_total) values (83,8,6,1,5,0,2.00); 
insert into Valoracion(valoracion_id,encuentro_id,usuario_id,especie,foto,sexo,puntuacion_total) values (84,9,6,2,1,5,2.67); 
insert into Valoracion(valoracion_id,encuentro_id,usuario_id,especie,foto,sexo,puntuacion_total) values (85,10,6,4,2,5,3.67); 
insert into Valoracion(valoracion_id,encuentro_id,usuario_id,especie,foto,sexo,puntuacion_total) values (86,11,6,5,5,5,5.00); 
insert into Valoracion(valoracion_id,encuentro_id,usuario_id,especie,foto,sexo,puntuacion_total) values (87,12,6,0,1,0,0.33); 
insert into Valoracion(valoracion_id,encuentro_id,usuario_id,especie,foto,sexo,puntuacion_total) values (88,13,6,2,2,0,1.33); 
insert into Valoracion(valoracion_id,encuentro_id,usuario_id,especie,foto,sexo,puntuacion_total) values (89,14,6,2,5,5,4.00); 
insert into Valoracion(valoracion_id,encuentro_id,usuario_id,especie,foto,sexo,puntuacion_total) values (90,15,6,2,5,5,4.00); 
insert into Valoracion(valoracion_id,encuentro_id,usuario_id,especie,foto,sexo,puntuacion_total) values (91,1,7,5,0,0,1.67); 
insert into Valoracion(valoracion_id,encuentro_id,usuario_id,especie,foto,sexo,puntuacion_total) values (92,2,7,4,2,5,3.67); 
insert into Valoracion(valoracion_id,encuentro_id,usuario_id,especie,foto,sexo,puntuacion_total) values (93,3,7,1,0,0,0.33); 
insert into Valoracion(valoracion_id,encuentro_id,usuario_id,especie,foto,sexo,puntuacion_total) values (94,4,7,3,2,0,1.67); 
insert into Valoracion(valoracion_id,encuentro_id,usuario_id,especie,foto,sexo,puntuacion_total) values (95,5,7,1,0,5,2.00); 
insert into Valoracion(valoracion_id,encuentro_id,usuario_id,especie,foto,sexo,puntuacion_total) values (96,6,7,3,3,0,2.00); 
insert into Valoracion(valoracion_id,encuentro_id,usuario_id,especie,foto,sexo,puntuacion_total) values (97,7,7,5,0,5,3.33); 
insert into Valoracion(valoracion_id,encuentro_id,usuario_id,especie,foto,sexo,puntuacion_total) values (98,8,7,4,1,0,1.67); 
insert into Valoracion(valoracion_id,encuentro_id,usuario_id,especie,foto,sexo,puntuacion_total) values (99,9,7,5,4,5,4.67); 
insert into Valoracion(valoracion_id,encuentro_id,usuario_id,especie,foto,sexo,puntuacion_total) values (100,10,7,3,5,0,2.67); 
insert into Valoracion(valoracion_id,encuentro_id,usuario_id,especie,foto,sexo,puntuacion_total) values (101,11,7,4,2,0,2.00); 
insert into Valoracion(valoracion_id,encuentro_id,usuario_id,especie,foto,sexo,puntuacion_total) values (102,12,7,3,2,0,1.67); 
insert into Valoracion(valoracion_id,encuentro_id,usuario_id,especie,foto,sexo,puntuacion_total) values (103,13,7,5,2,0,2.33); 
insert into Valoracion(valoracion_id,encuentro_id,usuario_id,especie,foto,sexo,puntuacion_total) values (104,14,7,0,2,5,2.33); 
insert into Valoracion(valoracion_id,encuentro_id,usuario_id,especie,foto,sexo,puntuacion_total) values (105,15,7,4,1,5,3.33); 
insert into Valoracion(valoracion_id,encuentro_id,usuario_id,especie,foto,sexo,puntuacion_total) values (106,1,8,1,3,0,1.33); 
insert into Valoracion(valoracion_id,encuentro_id,usuario_id,especie,foto,sexo,puntuacion_total) values (107,2,8,1,4,0,1.67); 
insert into Valoracion(valoracion_id,encuentro_id,usuario_id,especie,foto,sexo,puntuacion_total) values (108,3,8,3,4,5,4.00); 
insert into Valoracion(valoracion_id,encuentro_id,usuario_id,especie,foto,sexo,puntuacion_total) values (109,4,8,5,5,5,5.00); 
insert into Valoracion(valoracion_id,encuentro_id,usuario_id,especie,foto,sexo,puntuacion_total) values (110,5,8,5,2,0,2.33); 
insert into Valoracion(valoracion_id,encuentro_id,usuario_id,especie,foto,sexo,puntuacion_total) values (111,6,8,5,2,0,2.33); 
insert into Valoracion(valoracion_id,encuentro_id,usuario_id,especie,foto,sexo,puntuacion_total) values (112,7,8,1,4,0,1.67); 
insert into Valoracion(valoracion_id,encuentro_id,usuario_id,especie,foto,sexo,puntuacion_total) values (113,8,8,5,3,5,4.33); 
insert into Valoracion(valoracion_id,encuentro_id,usuario_id,especie,foto,sexo,puntuacion_total) values (114,9,8,0,2,5,2.33); 
insert into Valoracion(valoracion_id,encuentro_id,usuario_id,especie,foto,sexo,puntuacion_total) values (115,10,8,2,5,5,4.00); 
insert into Valoracion(valoracion_id,encuentro_id,usuario_id,especie,foto,sexo,puntuacion_total) values (116,11,8,2,5,5,4.00); 
insert into Valoracion(valoracion_id,encuentro_id,usuario_id,especie,foto,sexo,puntuacion_total) values (117,12,8,1,4,0,1.67); 
insert into Valoracion(valoracion_id,encuentro_id,usuario_id,especie,foto,sexo,puntuacion_total) values (118,13,8,3,1,5,3.00); 
insert into Valoracion(valoracion_id,encuentro_id,usuario_id,especie,foto,sexo,puntuacion_total) values (119,14,8,0,2,0,0.67); 
insert into Valoracion(valoracion_id,encuentro_id,usuario_id,especie,foto,sexo,puntuacion_total) values (120,15,8,4,5,5,4.67); 
insert into Valoracion(valoracion_id,encuentro_id,usuario_id,especie,foto,sexo,puntuacion_total) values (121,1,9,3,2,5,3.33); 
insert into Valoracion(valoracion_id,encuentro_id,usuario_id,especie,foto,sexo,puntuacion_total) values (122,2,9,2,4,5,3.67); 
insert into Valoracion(valoracion_id,encuentro_id,usuario_id,especie,foto,sexo,puntuacion_total) values (123,3,9,3,0,5,2.67); 
insert into Valoracion(valoracion_id,encuentro_id,usuario_id,especie,foto,sexo,puntuacion_total) values (124,4,9,3,0,5,2.67); 
insert into Valoracion(valoracion_id,encuentro_id,usuario_id,especie,foto,sexo,puntuacion_total) values (125,5,9,0,0,0,0.00); 
insert into Valoracion(valoracion_id,encuentro_id,usuario_id,especie,foto,sexo,puntuacion_total) values (126,6,9,0,5,0,1.67); 
insert into Valoracion(valoracion_id,encuentro_id,usuario_id,especie,foto,sexo,puntuacion_total) values (127,7,9,1,3,5,3.00); 
insert into Valoracion(valoracion_id,encuentro_id,usuario_id,especie,foto,sexo,puntuacion_total) values (128,8,9,2,0,0,0.67); 
insert into Valoracion(valoracion_id,encuentro_id,usuario_id,especie,foto,sexo,puntuacion_total) values (129,9,9,2,4,0,2.00); 
insert into Valoracion(valoracion_id,encuentro_id,usuario_id,especie,foto,sexo,puntuacion_total) values (130,10,9,5,2,0,2.33); 
insert into Valoracion(valoracion_id,encuentro_id,usuario_id,especie,foto,sexo,puntuacion_total) values (131,11,9,2,5,0,2.33); 
insert into Valoracion(valoracion_id,encuentro_id,usuario_id,especie,foto,sexo,puntuacion_total) values (132,12,9,4,4,0,2.67); 
insert into Valoracion(valoracion_id,encuentro_id,usuario_id,especie,foto,sexo,puntuacion_total) values (133,13,9,5,2,5,4.00); 
insert into Valoracion(valoracion_id,encuentro_id,usuario_id,especie,foto,sexo,puntuacion_total) values (134,14,9,3,0,5,2.67); 
insert into Valoracion(valoracion_id,encuentro_id,usuario_id,especie,foto,sexo,puntuacion_total) values (135,15,9,4,4,0,2.67); 
insert into Valoracion(valoracion_id,encuentro_id,usuario_id,especie,foto,sexo,puntuacion_total) values (136,1,10,0,0,0,0.00); 
insert into Valoracion(valoracion_id,encuentro_id,usuario_id,especie,foto,sexo,puntuacion_total) values (137,2,10,3,2,5,3.33); 
insert into Valoracion(valoracion_id,encuentro_id,usuario_id,especie,foto,sexo,puntuacion_total) values (138,3,10,5,0,0,1.67); 
insert into Valoracion(valoracion_id,encuentro_id,usuario_id,especie,foto,sexo,puntuacion_total) values (139,4,10,5,4,5,4.67); 
insert into Valoracion(valoracion_id,encuentro_id,usuario_id,especie,foto,sexo,puntuacion_total) values (140,5,10,1,4,5,3.33); 
insert into Valoracion(valoracion_id,encuentro_id,usuario_id,especie,foto,sexo,puntuacion_total) values (141,6,10,4,1,0,1.67); 
insert into Valoracion(valoracion_id,encuentro_id,usuario_id,especie,foto,sexo,puntuacion_total) values (142,7,10,5,5,5,5.00); 
insert into Valoracion(valoracion_id,encuentro_id,usuario_id,especie,foto,sexo,puntuacion_total) values (143,8,10,5,4,0,3.00); 
insert into Valoracion(valoracion_id,encuentro_id,usuario_id,especie,foto,sexo,puntuacion_total) values (144,9,10,5,4,5,4.67); 
insert into Valoracion(valoracion_id,encuentro_id,usuario_id,especie,foto,sexo,puntuacion_total) values (145,10,10,2,1,0,1.00); 
insert into Valoracion(valoracion_id,encuentro_id,usuario_id,especie,foto,sexo,puntuacion_total) values (146,11,10,3,1,0,1.33); 
insert into Valoracion(valoracion_id,encuentro_id,usuario_id,especie,foto,sexo,puntuacion_total) values (147,12,10,4,0,0,1.33); 
insert into Valoracion(valoracion_id,encuentro_id,usuario_id,especie,foto,sexo,puntuacion_total) values (148,13,10,2,3,0,1.67); 
insert into Valoracion(valoracion_id,encuentro_id,usuario_id,especie,foto,sexo,puntuacion_total) values (149,14,10,5,1,5,3.67); 
insert into Valoracion(valoracion_id,encuentro_id,usuario_id,especie,foto,sexo,puntuacion_total) values (150,15,10,3,3,0,2.00); 
insert into Valoracion(valoracion_id,encuentro_id,usuario_id,especie,foto,sexo,puntuacion_total) values (151,1,11,4,1,0,1.67); 
insert into Valoracion(valoracion_id,encuentro_id,usuario_id,especie,foto,sexo,puntuacion_total) values (152,2,11,1,2,0,1.00); 
insert into Valoracion(valoracion_id,encuentro_id,usuario_id,especie,foto,sexo,puntuacion_total) values (153,3,11,2,4,0,2.00); 
insert into Valoracion(valoracion_id,encuentro_id,usuario_id,especie,foto,sexo,puntuacion_total) values (154,4,11,5,2,0,2.33); 
insert into Valoracion(valoracion_id,encuentro_id,usuario_id,especie,foto,sexo,puntuacion_total) values (155,5,11,5,5,5,5.00); 
insert into Valoracion(valoracion_id,encuentro_id,usuario_id,especie,foto,sexo,puntuacion_total) values (156,6,11,2,3,5,3.33); 
insert into Valoracion(valoracion_id,encuentro_id,usuario_id,especie,foto,sexo,puntuacion_total) values (157,7,11,3,3,0,2.00); 
insert into Valoracion(valoracion_id,encuentro_id,usuario_id,especie,foto,sexo,puntuacion_total) values (158,8,11,4,1,5,3.33); 
insert into Valoracion(valoracion_id,encuentro_id,usuario_id,especie,foto,sexo,puntuacion_total) values (159,9,11,2,4,0,2.00); 
insert into Valoracion(valoracion_id,encuentro_id,usuario_id,especie,foto,sexo,puntuacion_total) values (160,10,11,3,0,0,1.00); 
insert into Valoracion(valoracion_id,encuentro_id,usuario_id,especie,foto,sexo,puntuacion_total) values (161,11,11,0,4,0,1.33); 
insert into Valoracion(valoracion_id,encuentro_id,usuario_id,especie,foto,sexo,puntuacion_total) values (162,12,11,5,0,5,3.33); 
insert into Valoracion(valoracion_id,encuentro_id,usuario_id,especie,foto,sexo,puntuacion_total) values (163,13,11,2,1,0,1.00); 
insert into Valoracion(valoracion_id,encuentro_id,usuario_id,especie,foto,sexo,puntuacion_total) values (164,14,11,2,2,0,1.33); 
insert into Valoracion(valoracion_id,encuentro_id,usuario_id,especie,foto,sexo,puntuacion_total) values (165,15,11,3,4,5,4.00); 
insert into Valoracion(valoracion_id,encuentro_id,usuario_id,especie,foto,sexo,puntuacion_total) values (166,1,12,1,4,0,1.67); 
insert into Valoracion(valoracion_id,encuentro_id,usuario_id,especie,foto,sexo,puntuacion_total) values (167,2,12,3,0,0,1.00); 
insert into Valoracion(valoracion_id,encuentro_id,usuario_id,especie,foto,sexo,puntuacion_total) values (168,3,12,5,2,0,2.33); 
insert into Valoracion(valoracion_id,encuentro_id,usuario_id,especie,foto,sexo,puntuacion_total) values (169,4,12,2,1,5,2.67); 
insert into Valoracion(valoracion_id,encuentro_id,usuario_id,especie,foto,sexo,puntuacion_total) values (170,5,12,4,2,5,3.67); 
insert into Valoracion(valoracion_id,encuentro_id,usuario_id,especie,foto,sexo,puntuacion_total) values (171,6,12,1,2,5,2.67); 
insert into Valoracion(valoracion_id,encuentro_id,usuario_id,especie,foto,sexo,puntuacion_total) values (172,7,12,4,3,5,4.00); 
insert into Valoracion(valoracion_id,encuentro_id,usuario_id,especie,foto,sexo,puntuacion_total) values (173,8,12,2,0,0,0.67); 
insert into Valoracion(valoracion_id,encuentro_id,usuario_id,especie,foto,sexo,puntuacion_total) values (174,9,12,2,3,0,1.67); 
insert into Valoracion(valoracion_id,encuentro_id,usuario_id,especie,foto,sexo,puntuacion_total) values (175,10,12,5,3,0,2.67); 
insert into Valoracion(valoracion_id,encuentro_id,usuario_id,especie,foto,sexo,puntuacion_total) values (176,11,12,0,0,0,0.00); 
insert into Valoracion(valoracion_id,encuentro_id,usuario_id,especie,foto,sexo,puntuacion_total) values (177,12,12,5,4,5,4.67); 
insert into Valoracion(valoracion_id,encuentro_id,usuario_id,especie,foto,sexo,puntuacion_total) values (178,13,12,0,4,5,3.00); 
insert into Valoracion(valoracion_id,encuentro_id,usuario_id,especie,foto,sexo,puntuacion_total) values (179,14,12,1,0,0,0.33); 
insert into Valoracion(valoracion_id,encuentro_id,usuario_id,especie,foto,sexo,puntuacion_total) values (180,15,12,3,4,5,4.00); 
insert into Valoracion(valoracion_id,encuentro_id,usuario_id,especie,foto,sexo,puntuacion_total) values (181,1,13,3,1,5,3.00); 
insert into Valoracion(valoracion_id,encuentro_id,usuario_id,especie,foto,sexo,puntuacion_total) values (182,2,13,5,4,5,4.67); 
insert into Valoracion(valoracion_id,encuentro_id,usuario_id,especie,foto,sexo,puntuacion_total) values (183,3,13,1,3,5,3.00); 
insert into Valoracion(valoracion_id,encuentro_id,usuario_id,especie,foto,sexo,puntuacion_total) values (184,4,13,4,5,5,4.67); 
insert into Valoracion(valoracion_id,encuentro_id,usuario_id,especie,foto,sexo,puntuacion_total) values (185,5,13,5,4,0,3.00); 
insert into Valoracion(valoracion_id,encuentro_id,usuario_id,especie,foto,sexo,puntuacion_total) values (186,6,13,4,0,0,1.33); 
insert into Valoracion(valoracion_id,encuentro_id,usuario_id,especie,foto,sexo,puntuacion_total) values (187,7,13,1,5,5,3.67); 
insert into Valoracion(valoracion_id,encuentro_id,usuario_id,especie,foto,sexo,puntuacion_total) values (188,8,13,5,4,5,4.67); 
insert into Valoracion(valoracion_id,encuentro_id,usuario_id,especie,foto,sexo,puntuacion_total) values (189,9,13,4,4,0,2.67); 
insert into Valoracion(valoracion_id,encuentro_id,usuario_id,especie,foto,sexo,puntuacion_total) values (190,10,13,5,5,5,5.00); 
insert into Valoracion(valoracion_id,encuentro_id,usuario_id,especie,foto,sexo,puntuacion_total) values (191,11,13,2,2,0,1.33); 
insert into Valoracion(valoracion_id,encuentro_id,usuario_id,especie,foto,sexo,puntuacion_total) values (192,12,13,3,4,5,4.00); 
insert into Valoracion(valoracion_id,encuentro_id,usuario_id,especie,foto,sexo,puntuacion_total) values (193,13,13,3,0,5,2.67); 
insert into Valoracion(valoracion_id,encuentro_id,usuario_id,especie,foto,sexo,puntuacion_total) values (194,14,13,3,5,0,2.67); 
insert into Valoracion(valoracion_id,encuentro_id,usuario_id,especie,foto,sexo,puntuacion_total) values (195,15,13,4,0,5,3.00); 
insert into Valoracion(valoracion_id,encuentro_id,usuario_id,especie,foto,sexo,puntuacion_total) values (196,1,14,3,5,0,2.67); 
insert into Valoracion(valoracion_id,encuentro_id,usuario_id,especie,foto,sexo,puntuacion_total) values (197,2,14,3,0,0,1.00); 
insert into Valoracion(valoracion_id,encuentro_id,usuario_id,especie,foto,sexo,puntuacion_total) values (198,3,14,4,0,0,1.33); 
insert into Valoracion(valoracion_id,encuentro_id,usuario_id,especie,foto,sexo,puntuacion_total) values (199,4,14,0,2,5,2.33); 
insert into Valoracion(valoracion_id,encuentro_id,usuario_id,especie,foto,sexo,puntuacion_total) values (200,5,14,4,3,0,2.33); 
insert into Valoracion(valoracion_id,encuentro_id,usuario_id,especie,foto,sexo,puntuacion_total) values (201,6,14,4,0,0,1.33); 
insert into Valoracion(valoracion_id,encuentro_id,usuario_id,especie,foto,sexo,puntuacion_total) values (202,7,14,1,2,5,2.67); 
insert into Valoracion(valoracion_id,encuentro_id,usuario_id,especie,foto,sexo,puntuacion_total) values (203,8,14,0,2,0,0.67); 
insert into Valoracion(valoracion_id,encuentro_id,usuario_id,especie,foto,sexo,puntuacion_total) values (204,9,14,1,5,0,2.00); 
insert into Valoracion(valoracion_id,encuentro_id,usuario_id,especie,foto,sexo,puntuacion_total) values (205,10,14,5,0,5,3.33); 
insert into Valoracion(valoracion_id,encuentro_id,usuario_id,especie,foto,sexo,puntuacion_total) values (206,11,14,4,1,0,1.67); 
insert into Valoracion(valoracion_id,encuentro_id,usuario_id,especie,foto,sexo,puntuacion_total) values (207,12,14,0,5,5,3.33); 
insert into Valoracion(valoracion_id,encuentro_id,usuario_id,especie,foto,sexo,puntuacion_total) values (208,13,14,2,1,5,2.67); 
insert into Valoracion(valoracion_id,encuentro_id,usuario_id,especie,foto,sexo,puntuacion_total) values (209,14,14,2,3,0,1.67); 
insert into Valoracion(valoracion_id,encuentro_id,usuario_id,especie,foto,sexo,puntuacion_total) values (210,15,14,0,5,0,1.67); 
insert into Valoracion(valoracion_id,encuentro_id,usuario_id,especie,foto,sexo,puntuacion_total) values (211,1,15,4,3,5,4.00); 
insert into Valoracion(valoracion_id,encuentro_id,usuario_id,especie,foto,sexo,puntuacion_total) values (212,2,15,0,4,5,3.00); 
insert into Valoracion(valoracion_id,encuentro_id,usuario_id,especie,foto,sexo,puntuacion_total) values (213,3,15,4,3,5,4.00); 
insert into Valoracion(valoracion_id,encuentro_id,usuario_id,especie,foto,sexo,puntuacion_total) values (214,4,15,3,4,5,4.00); 
insert into Valoracion(valoracion_id,encuentro_id,usuario_id,especie,foto,sexo,puntuacion_total) values (215,5,15,0,5,5,3.33); 
insert into Valoracion(valoracion_id,encuentro_id,usuario_id,especie,foto,sexo,puntuacion_total) values (216,6,15,4,5,5,4.67); 
insert into Valoracion(valoracion_id,encuentro_id,usuario_id,especie,foto,sexo,puntuacion_total) values (217,7,15,3,0,0,1.00); 
insert into Valoracion(valoracion_id,encuentro_id,usuario_id,especie,foto,sexo,puntuacion_total) values (218,8,15,5,0,5,3.33); 
insert into Valoracion(valoracion_id,encuentro_id,usuario_id,especie,foto,sexo,puntuacion_total) values (219,9,15,0,2,0,0.67); 
insert into Valoracion(valoracion_id,encuentro_id,usuario_id,especie,foto,sexo,puntuacion_total) values (220,10,15,5,3,5,4.33); 
insert into Valoracion(valoracion_id,encuentro_id,usuario_id,especie,foto,sexo,puntuacion_total) values (221,11,15,5,1,0,2.00); 
insert into Valoracion(valoracion_id,encuentro_id,usuario_id,especie,foto,sexo,puntuacion_total) values (222,12,15,5,3,0,2.67); 
insert into Valoracion(valoracion_id,encuentro_id,usuario_id,especie,foto,sexo,puntuacion_total) values (223,13,15,2,0,5,2.33); 
insert into Valoracion(valoracion_id,encuentro_id,usuario_id,especie,foto,sexo,puntuacion_total) values (224,14,15,2,5,0,2.33); 
insert into Valoracion(valoracion_id,encuentro_id,usuario_id,especie,foto,sexo,puntuacion_total) values (225,15,15,3,2,0,1.67); 
insert into Valoracion(valoracion_id,encuentro_id,usuario_id,especie,foto,sexo,puntuacion_total) values (226,1,16,4,0,0,1.33); 
insert into Valoracion(valoracion_id,encuentro_id,usuario_id,especie,foto,sexo,puntuacion_total) values (227,2,16,1,4,5,3.33); 
insert into Valoracion(valoracion_id,encuentro_id,usuario_id,especie,foto,sexo,puntuacion_total) values (228,3,16,2,2,0,1.33); 
insert into Valoracion(valoracion_id,encuentro_id,usuario_id,especie,foto,sexo,puntuacion_total) values (229,4,16,0,1,5,2.00); 
insert into Valoracion(valoracion_id,encuentro_id,usuario_id,especie,foto,sexo,puntuacion_total) values (230,5,16,3,4,5,4.00); 
insert into Valoracion(valoracion_id,encuentro_id,usuario_id,especie,foto,sexo,puntuacion_total) values (231,6,16,3,5,5,4.33); 
insert into Valoracion(valoracion_id,encuentro_id,usuario_id,especie,foto,sexo,puntuacion_total) values (232,7,16,4,0,5,3.00); 
insert into Valoracion(valoracion_id,encuentro_id,usuario_id,especie,foto,sexo,puntuacion_total) values (233,8,16,3,1,0,1.33); 
insert into Valoracion(valoracion_id,encuentro_id,usuario_id,especie,foto,sexo,puntuacion_total) values (234,9,16,5,0,5,3.33); 
insert into Valoracion(valoracion_id,encuentro_id,usuario_id,especie,foto,sexo,puntuacion_total) values (235,10,16,0,2,0,0.67); 
insert into Valoracion(valoracion_id,encuentro_id,usuario_id,especie,foto,sexo,puntuacion_total) values (236,11,16,2,0,0,0.67); 
insert into Valoracion(valoracion_id,encuentro_id,usuario_id,especie,foto,sexo,puntuacion_total) values (237,12,16,4,3,0,2.33); 
insert into Valoracion(valoracion_id,encuentro_id,usuario_id,especie,foto,sexo,puntuacion_total) values (238,13,16,5,0,0,1.67); 
insert into Valoracion(valoracion_id,encuentro_id,usuario_id,especie,foto,sexo,puntuacion_total) values (239,14,16,4,5,0,3.00); 
insert into Valoracion(valoracion_id,encuentro_id,usuario_id,especie,foto,sexo,puntuacion_total) values (240,15,16,5,4,5,4.67); 
insert into Valoracion(valoracion_id,encuentro_id,usuario_id,especie,foto,sexo,puntuacion_total) values (241,1,17,4,1,0,1.67); 
insert into Valoracion(valoracion_id,encuentro_id,usuario_id,especie,foto,sexo,puntuacion_total) values (242,2,17,2,1,0,1.00); 
insert into Valoracion(valoracion_id,encuentro_id,usuario_id,especie,foto,sexo,puntuacion_total) values (243,3,17,1,4,0,1.67); 
insert into Valoracion(valoracion_id,encuentro_id,usuario_id,especie,foto,sexo,puntuacion_total) values (244,4,17,5,0,0,1.67); 
insert into Valoracion(valoracion_id,encuentro_id,usuario_id,especie,foto,sexo,puntuacion_total) values (245,5,17,0,3,5,2.67); 
insert into Valoracion(valoracion_id,encuentro_id,usuario_id,especie,foto,sexo,puntuacion_total) values (246,6,17,5,1,5,3.67); 
insert into Valoracion(valoracion_id,encuentro_id,usuario_id,especie,foto,sexo,puntuacion_total) values (247,7,17,5,4,0,3.00); 
insert into Valoracion(valoracion_id,encuentro_id,usuario_id,especie,foto,sexo,puntuacion_total) values (248,8,17,5,2,0,2.33); 
insert into Valoracion(valoracion_id,encuentro_id,usuario_id,especie,foto,sexo,puntuacion_total) values (249,9,17,5,2,0,2.33); 
insert into Valoracion(valoracion_id,encuentro_id,usuario_id,especie,foto,sexo,puntuacion_total) values (250,10,17,1,3,5,3.00); 
insert into Valoracion(valoracion_id,encuentro_id,usuario_id,especie,foto,sexo,puntuacion_total) values (251,11,17,5,0,5,3.33); 
insert into Valoracion(valoracion_id,encuentro_id,usuario_id,especie,foto,sexo,puntuacion_total) values (252,12,17,4,5,5,4.67); 
insert into Valoracion(valoracion_id,encuentro_id,usuario_id,especie,foto,sexo,puntuacion_total) values (253,13,17,1,2,5,2.67); 
insert into Valoracion(valoracion_id,encuentro_id,usuario_id,especie,foto,sexo,puntuacion_total) values (254,14,17,3,1,0,1.33); 
insert into Valoracion(valoracion_id,encuentro_id,usuario_id,especie,foto,sexo,puntuacion_total) values (255,15,17,1,5,0,2.00); 
insert into Valoracion(valoracion_id,encuentro_id,usuario_id,especie,foto,sexo,puntuacion_total) values (256,1,18,5,0,0,1.67); 
insert into Valoracion(valoracion_id,encuentro_id,usuario_id,especie,foto,sexo,puntuacion_total) values (257,2,18,3,0,0,1.00); 
insert into Valoracion(valoracion_id,encuentro_id,usuario_id,especie,foto,sexo,puntuacion_total) values (258,3,18,2,1,0,1.00); 
insert into Valoracion(valoracion_id,encuentro_id,usuario_id,especie,foto,sexo,puntuacion_total) values (259,4,18,0,2,0,0.67); 
insert into Valoracion(valoracion_id,encuentro_id,usuario_id,especie,foto,sexo,puntuacion_total) values (260,5,18,5,1,0,2.00); 
insert into Valoracion(valoracion_id,encuentro_id,usuario_id,especie,foto,sexo,puntuacion_total) values (261,6,18,0,2,0,0.67); 
insert into Valoracion(valoracion_id,encuentro_id,usuario_id,especie,foto,sexo,puntuacion_total) values (262,7,18,3,0,5,2.67); 
insert into Valoracion(valoracion_id,encuentro_id,usuario_id,especie,foto,sexo,puntuacion_total) values (263,8,18,0,0,5,1.67); 
insert into Valoracion(valoracion_id,encuentro_id,usuario_id,especie,foto,sexo,puntuacion_total) values (264,9,18,3,0,5,2.67); 
insert into Valoracion(valoracion_id,encuentro_id,usuario_id,especie,foto,sexo,puntuacion_total) values (265,10,18,4,4,0,2.67); 
insert into Valoracion(valoracion_id,encuentro_id,usuario_id,especie,foto,sexo,puntuacion_total) values (266,11,18,1,1,0,0.67); 
insert into Valoracion(valoracion_id,encuentro_id,usuario_id,especie,foto,sexo,puntuacion_total) values (267,12,18,2,2,0,1.33); 
insert into Valoracion(valoracion_id,encuentro_id,usuario_id,especie,foto,sexo,puntuacion_total) values (268,13,18,3,4,5,4.00); 
insert into Valoracion(valoracion_id,encuentro_id,usuario_id,especie,foto,sexo,puntuacion_total) values (269,14,18,1,0,5,2.00); 
insert into Valoracion(valoracion_id,encuentro_id,usuario_id,especie,foto,sexo,puntuacion_total) values (270,15,18,0,4,0,1.33); 
insert into Valoracion(valoracion_id,encuentro_id,usuario_id,especie,foto,sexo,puntuacion_total) values (271,1,19,0,0,0,0.00); 
insert into Valoracion(valoracion_id,encuentro_id,usuario_id,especie,foto,sexo,puntuacion_total) values (272,2,19,3,0,0,1.00); 
insert into Valoracion(valoracion_id,encuentro_id,usuario_id,especie,foto,sexo,puntuacion_total) values (273,3,19,2,2,5,3.00); 
insert into Valoracion(valoracion_id,encuentro_id,usuario_id,especie,foto,sexo,puntuacion_total) values (274,4,19,1,5,5,3.67); 
insert into Valoracion(valoracion_id,encuentro_id,usuario_id,especie,foto,sexo,puntuacion_total) values (275,5,19,1,3,5,3.00); 
insert into Valoracion(valoracion_id,encuentro_id,usuario_id,especie,foto,sexo,puntuacion_total) values (276,6,19,5,1,0,2.00); 
insert into Valoracion(valoracion_id,encuentro_id,usuario_id,especie,foto,sexo,puntuacion_total) values (277,7,19,1,0,5,2.00); 
insert into Valoracion(valoracion_id,encuentro_id,usuario_id,especie,foto,sexo,puntuacion_total) values (278,8,19,1,0,5,2.00); 
insert into Valoracion(valoracion_id,encuentro_id,usuario_id,especie,foto,sexo,puntuacion_total) values (279,9,19,0,3,5,2.67); 
insert into Valoracion(valoracion_id,encuentro_id,usuario_id,especie,foto,sexo,puntuacion_total) values (280,10,19,4,0,0,1.33); 
insert into Valoracion(valoracion_id,encuentro_id,usuario_id,especie,foto,sexo,puntuacion_total) values (281,11,19,5,1,0,2.00); 
insert into Valoracion(valoracion_id,encuentro_id,usuario_id,especie,foto,sexo,puntuacion_total) values (282,12,19,5,1,0,2.00); 
insert into Valoracion(valoracion_id,encuentro_id,usuario_id,especie,foto,sexo,puntuacion_total) values (283,13,19,1,1,0,0.67); 
insert into Valoracion(valoracion_id,encuentro_id,usuario_id,especie,foto,sexo,puntuacion_total) values (284,14,19,2,4,0,2.00); 
insert into Valoracion(valoracion_id,encuentro_id,usuario_id,especie,foto,sexo,puntuacion_total) values (285,15,19,5,3,5,4.33); 
insert into Valoracion(valoracion_id,encuentro_id,usuario_id,especie,foto,sexo,puntuacion_total) values (286,1,20,5,3,0,2.67); 
insert into Valoracion(valoracion_id,encuentro_id,usuario_id,especie,foto,sexo,puntuacion_total) values (287,2,20,3,3,0,2.00); 
insert into Valoracion(valoracion_id,encuentro_id,usuario_id,especie,foto,sexo,puntuacion_total) values (288,3,20,3,3,5,3.67); 
insert into Valoracion(valoracion_id,encuentro_id,usuario_id,especie,foto,sexo,puntuacion_total) values (289,4,20,0,1,0,0.33); 
insert into Valoracion(valoracion_id,encuentro_id,usuario_id,especie,foto,sexo,puntuacion_total) values (290,5,20,1,2,0,1.00); 
insert into Valoracion(valoracion_id,encuentro_id,usuario_id,especie,foto,sexo,puntuacion_total) values (291,6,20,2,0,5,2.33); 
insert into Valoracion(valoracion_id,encuentro_id,usuario_id,especie,foto,sexo,puntuacion_total) values (292,7,20,4,4,0,2.67); 
insert into Valoracion(valoracion_id,encuentro_id,usuario_id,especie,foto,sexo,puntuacion_total) values (293,8,20,3,4,0,2.33); 
insert into Valoracion(valoracion_id,encuentro_id,usuario_id,especie,foto,sexo,puntuacion_total) values (294,9,20,2,1,0,1.00); 
insert into Valoracion(valoracion_id,encuentro_id,usuario_id,especie,foto,sexo,puntuacion_total) values (295,10,20,5,0,0,1.67); 
insert into Valoracion(valoracion_id,encuentro_id,usuario_id,especie,foto,sexo,puntuacion_total) values (296,11,20,4,2,5,3.67); 
insert into Valoracion(valoracion_id,encuentro_id,usuario_id,especie,foto,sexo,puntuacion_total) values (297,12,20,1,4,0,1.67); 
insert into Valoracion(valoracion_id,encuentro_id,usuario_id,especie,foto,sexo,puntuacion_total) values (298,13,20,5,2,5,4.00); 
insert into Valoracion(valoracion_id,encuentro_id,usuario_id,especie,foto,sexo,puntuacion_total) values (299,14,20,3,4,5,4.00); 
insert into Valoracion(valoracion_id,encuentro_id,usuario_id,especie,foto,sexo,puntuacion_total) values (300,15,20,0,0,5,1.67); 
insert into Valoracion(valoracion_id,encuentro_id,usuario_id,especie,foto,sexo,puntuacion_total) values (300,16,01,5,5,5,5); 

alter sequence hibernate_sequence restart with 1000;
